edge,set,target,LigandA,LigandB,expt,am1bcc,am1bcc_booterr,am1bcc_BARerr,abcg2,abcg2_booterr,abcg2_BARerr
edge_17_1h1q,jacs_set,cdk2,17,1h1q,-1.140000343322754,1.0890694710006372,0.1051540793499453,0.10712545623048317,0.9791268323773106,0.11214046190487509,0.11237027254256825
edge_17_22,jacs_set,cdk2,17,22,-0.820000171661377,1.1599745060548114,0.06998678532408446,0.08810837094136753,1.4977692797960482,0.2702820679133293,0.2768619389571506
edge_17_21,jacs_set,cdk2,17,21,-0.7899999618530273,0.6803696622052255,0.22501327394311185,0.24022904524811317,0.3003505417463372,0.3705690136468901,0.3808249559757335
edge_28_26,jacs_set,cdk2,28,26,2.679999351501465,1.0811026131293495,0.2117009006380655,0.22951979797520408,0.967176545570444,0.30368251437831423,0.3163897300267658
edge_28_31,jacs_set,cdk2,28,31,1.5699996948242188,0.8173996175907988,0.21477837871489977,0.21347683623770192,0.8747609942638547,0.3828207577420866,0.39656739631162874
edge_22_1h1r,jacs_set,cdk2,22,1h1r,0.1900000572204589,-0.4708413001912043,0.1389374840215215,0.15846638651005443,-1.312938177182919,0.18228007166043053,0.19201662317874202
edge_30_26,jacs_set,cdk2,30,26,1.380000114440918,1.050031867431481,0.18806092738092645,0.21118051561570367,0.8540471637985955,0.22689158873628557,0.23247241300561142
edge_30_31,jacs_set,cdk2,30,31,0.2700004577636719,0.31708094327597564,0.1409166793949545,0.14807382541651518,0.5576800509878994,0.14863559904428206,0.14923959023096964
edge_1h1r_21,jacs_set,cdk2,1h1r,21,-0.1599998474121093,0.9615997450605498,0.22343807379418154,0.22922910592820553,0.44295729764181135,0.0731735016609442,0.11057342059446942
edge_1h1r_1oi9,jacs_set,cdk2,1h1r,1oi9,-2.0699996948242188,-0.4572976418100694,0.11011799966011981,0.11559372023721093,-0.7855321861057996,0.2705873625111379,0.2672455088742351
edge_1h1s_26,jacs_set,cdk2,1h1s,26,2.8199996948242188,0.6397386870618388,0.21683514461079784,0.2737941928392452,0.6007010834926676,0.2968900754540122,0.3412213039403938
edge_1h1s_1oiy,jacs_set,cdk2,1h1s,1oiy,1.4600000381469729,-0.05736137667304232,0.3648619124008677,0.37167440840456867,-0.08763543658381313,0.3550964875850009,0.39002056705870325
edge_1oiy_32,jacs_set,cdk2,1oiy,32,0.039999961853027295,0.5043021032504541,0.9040958289688219,0.9293015356999393,1.0954429572976507,0.3122592417750354,0.4993999616711033
edge_1oiy_1h1q,jacs_set,cdk2,1oiy,1h1q,1.609999656677246,0.8556405353728519,0.613815826692088,0.6308441980204956,1.652326322498405,0.47925591343150564,0.49817110168225787
edge_1oiy_1oi9,jacs_set,cdk2,1oiy,1oi9,0.05000019073486319,0.34177820267686587,0.18745836294096263,0.18192444843011696,-0.45331421287444446,0.48530423704800707,0.49278066741445414
edge_1oiy_29,jacs_set,cdk2,1oiy,29,-0.0900001525878906,-1.5623008285532243,0.5033191660710317,0.5095396547468635,-1.1639579349904408,0.5177957338407976,0.5738940510943217
edge_1oiy_31,jacs_set,cdk2,1oiy,31,0.25,-0.02390057361376876,0.25784477308282727,0.26879504424095374,0.5409496494582507,0.17919684890424128,0.20144310550680083
edge_1oiu_1h1q,jacs_set,cdk2,1oiu,1h1q,0.8999996185302733,2.9365838113447973,0.19912463940675706,0.21027051917194461,2.045889101338419,0.25573262629842286,0.2602580833815579
edge_1oiu_26,jacs_set,cdk2,1oiu,26,0.6499996185302734,1.3025812619502977,0.6204780128465491,0.6268556118340213,0.4485340981516885,0.24057160063181415,0.25430857012743463
edge_31_32,jacs_set,cdk2,31,32,-0.2100000381469726,1.139260675589571,0.5200590529347887,0.9767599344879809,2.2402804333970687,0.7145907857811156,1.6200790341830187
edge_29_26,jacs_set,cdk2,29,26,1.4499998092651367,0.807839388145328,0.6603504850164201,0.7597351765070843,-0.5090822179732438,0.47059636205578587,0.5424554669183537
edge_26_1h1q,jacs_set,cdk2,26,1h1q,0.25,1.261153601019758,0.11608267325259827,0.12119668181729877,1.3942001274697264,0.15420928485911714,0.15325170312232886
edge_26_1oi9,jacs_set,cdk2,26,1oi9,-1.3099994659423828,-0.15376035691523374,0.24189032099989208,0.24217452455675295,-1.315328234544295,0.189253972614983,0.24569226640696382
edge_1oi9_20,jacs_set,cdk2,1oi9,20,1.0199995040893557,0.7433078393881468,0.3714567697072657,0.42806056707089346,1.3838432122370934,0.6633508638500049,0.6963615035795331
edge_20_1h1q,jacs_set,cdk2,20,1h1q,0.5399999618530273,0.46287444231994923,0.6060727945430374,0.6067255705582375,-0.03346080305927354,0.3716195606305024,0.39205209841755306
edge_18639-1_18637-1,jacs_set,jnk1,18639-1,18637-1,-0.4000005722045898,0.7122370936902597,0.20345679466040123,0.20112839358552756,0.37444231994901117,0.23131829783973556,0.23824818206412404
edge_18634-1_18637-1,jacs_set,jnk1,18634-1,18637-1,-0.1500005722045898,-0.5552899936265113,0.15502613888708758,0.1600337652008302,-1.5129063097514335,0.5393173412614456,0.5523819000909378
edge_18627-1_17124-1,jacs_set,jnk1,18627-1,17124-1,-1.2000007629394531,-1.7606755895474817,1.0938401381297358,1.139233056229959,-0.8006692160611849,0.7758323256130505,0.8349277891063871
edge_18634-1_18636-1,jacs_set,jnk1,18634-1,18636-1,2.479999542236328,0.4198534098151691,1.0857100671976225,1.1026593969947713,0.4883683875079642,0.7303400291380683,0.7403795339163526
edge_18636-1_18624-1,jacs_set,jnk1,18636-1,18624-1,-0.9799995422363281,1.2531867431485044,0.7766828687887756,0.7953928880984635,2.115200764818355,0.14455378690428267,0.1474633435707709
edge_18652-1_18658-1,jacs_set,jnk1,18652-1,18658-1,0.9800004959106443,0.6867431485022175,0.3019743212743453,0.3122610138717636,1.3328553218610548,0.3288899614963629,0.3589430450332312
edge_18659-1_18631-1,jacs_set,jnk1,18659-1,18631-1,0.060000419616699184,1.1145634161886548,0.13678000927184028,0.14809646239897664,1.150414276609305,0.14033688561897392,0.14914250256120093
edge_18628-1_18625-1,jacs_set,jnk1,18628-1,18625-1,0.5900001525878906,-0.17925430210325047,0.08686083127261948,0.10481840771740474,0.2429891650732948,0.08026566615645109,0.10307921412821505
edge_18628-1_18631-1,jacs_set,jnk1,18628-1,18631-1,-0.7100000381469727,-0.9615997450605472,0.6662449775739718,1.0331740001884901,0.8389101338432126,0.43187511058152284,1.3114197883727716
edge_18635-1_18626-1,jacs_set,jnk1,18635-1,18626-1,-1.579999923706055,-0.5425430210325051,0.08164451079496103,0.08627110574608642,-0.4907584448693438,0.13961163704119742,0.1412541121179981
edge_18629-1_18635-1,jacs_set,jnk1,18629-1,18635-1,1.380000114440918,-0.042224346717654564,0.09090175139980351,0.09381751495454749,0.25015933715742505,0.3960695310996405,0.39768910648868266
edge_18629-1_18625-1,jacs_set,jnk1,18629-1,18625-1,0.5600004196166991,-0.46924792861695336,0.19227897141934777,0.19334520777568218,-0.4541108986615678,0.1966972447465127,0.1953936141093429
edge_18629-1_18624-1,jacs_set,jnk1,18629-1,18624-1,0.1800003051757812,0.5568833652007661,0.08088693989081802,0.08170277442777683,0.41347992351816454,0.0940350650228578,0.09678778308715404
edge_18636-1_18658-1,jacs_set,jnk1,18636-1,18658-1,-2.189999580383301,0.37762906309751426,0.7857373083600095,0.8113019402091752,0.7504780114722756,0.17089719972779013,0.17361401514344127
edge_17124-1_18634-1,jacs_set,jnk1,17124-1,18634-1,-0.3099994659423828,1.0070108349267048,0.18544022576275754,0.1879583364617021,0.990280433397068,0.20355789982667258,0.2064542307828561
edge_18627-1_18630-1,jacs_set,jnk1,18627-1,18630-1,-0.6600008010864258,0.4684512428298281,0.07109087554346642,0.0718832227676244,0.4469407265774379,0.08566466695430484,0.09126929942080227
edge_18627-1_18624-1,jacs_set,jnk1,18627-1,18624-1,-0.0100002288818359,1.120140216698534,0.06178459200129974,0.058593628568648255,0.9719566602931803,0.09967348991070334,0.09653607505655087
edge_18627-1_18633-1,jacs_set,jnk1,18627-1,18633-1,-0.6900005340576172,0.21988527724665263,0.09906114984275238,0.1011089821484219,0.005576800509878919,0.12982036338188305,0.12869192812617752
edge_18638-1_18652-1,jacs_set,jnk1,18638-1,18652-1,-0.5900001525878906,0.3744423199490129,0.2619024643293479,0.2641489602494583,0.18323773103887803,0.24195835712691838,0.2509229821771634
edge_18638-1_18660-1,jacs_set,jnk1,18638-1,18660-1,1.390000343322754,1.567877629063098,0.6724956085975593,0.6876279391327705,1.1472275334607989,0.6969929446933131,0.6309114277856672
edge_18638-1_18639-1,jacs_set,jnk1,18638-1,18639-1,0.35000038146972645,0.2589228808158017,0.18105419302157974,0.20074983196178794,-0.3847992351816476,0.44988982970138175,0.45605601735274637
edge_18638-1_18634-1,jacs_set,jnk1,18638-1,18634-1,0.1000003814697265,0.4788081580624594,0.19521921594213765,0.20100949620313857,0.897864882090502,0.2389006557045216,0.24932722183195985
edge_18638-1_18637-1,jacs_set,jnk1,18638-1,18637-1,-0.05000019073486319,1.2468132568514982,0.28414631569633975,0.28350913429477054,1.3934034416826102,0.3278427651293902,0.32224282770344626
edge_18634-1_18631-1,jacs_set,jnk1,18634-1,18631-1,0.5799999237060547,0.8420968769917136,0.17520934402713956,0.17550515344036535,1.2468132568514965,0.09987799380742472,0.10439896441082608
edge_18634-1_18658-1,jacs_set,jnk1,18634-1,18658-1,0.2899999618530273,0.5489165073295077,0.1414023941381676,0.14427741779900943,0.2047482472912706,0.13304735272397503,0.13470008684742998
edge_18634-1_18635-1,jacs_set,jnk1,18634-1,18635-1,2.6999998092651367,0.8301465901848317,0.5797072253325949,0.6008545368690216,1.371892925430209,0.19136260156446733,0.19322931325877662
edge_18630-1_18624-1,jacs_set,jnk1,18630-1,18624-1,0.6500005722045898,0.521032504780115,0.0842631214165318,0.08528966934667354,0.5481198215423831,0.06704274744661985,0.06697737969822197
edge_18630-1_18633-1,jacs_set,jnk1,18630-1,18633-1,-0.029999732971191396,-0.2876035691523265,0.10902405544260024,0.11072635962558541,0.06851497769279805,0.1789787164609521,0.17645397321034087
edge_18632-1_18633-1,jacs_set,jnk1,18632-1,18633-1,-0.0900001525878906,0.0015933715742513623,0.12699127854425538,0.1350203250141241,0.3943594646271515,0.1941435158916038,0.1960269549508256
edge_36_23,jacs_set,mcl1,36,23,-0.6499996185302734,0.9026449968132578,0.4167331184238134,0.45208106032218903,0.09878903760356897,0.22045129772028585,0.22503750810420922
edge_40_23,jacs_set,mcl1,40,23,-1.579999923706055,-1.1926386233269586,1.1395288858501758,1.562277796300229,0.5768005098789056,1.2332187693685315,2.970757596759163
edge_56_23,jacs_set,mcl1,56,23,0.43000030517578114,1.1241236456341634,0.22280488647903518,0.22105350884165004,1.2667304015296366,0.14983727135970398,0.146285956250277
edge_23_44,jacs_set,mcl1,23,44,0.1599998474121093,0.02310388782664137,0.2594669862175959,0.2665831765356347,0.18722115997450559,0.4031576592019975,0.40383513961769274
edge_51_23,jacs_set,mcl1,51,23,-0.3800001144409179,-1.3615360101975778,0.24414943925391278,0.24269869418541976,-1.4149139579349908,0.24921870294594237,0.24728438419123952
edge_48_26,jacs_set,mcl1,48,26,-1.579999923706055,-5.170490758444868,0.6137821215885293,0.6292884229462546,-5.413479923518174,1.0489498648419695,1.1887487198075406
edge_26_30,jacs_set,mcl1,26,30,0.3899998664855957,2.7589228808158035,0.3637866792785221,0.3611780719129113,2.384480560866799,0.49198778761356854,0.511077331446237
edge_26_32,jacs_set,mcl1,26,32,1.6599998474121094,3.1389420012747022,0.3078722967565099,0.3457132155153947,2.147864882090506,0.4899083635171016,0.5755488481133103
edge_29_27,jacs_set,mcl1,29,27,0.820000171661377,-0.041427660930528895,0.8039372368485032,0.8156649215080652,0.3130975143403441,0.9599882636374618,0.9963205783287208
edge_27_32,jacs_set,mcl1,27,32,-0.46000003814697255,0.4525175270873167,0.3259781202425811,0.3269092431336533,0.6230082855321863,0.08147577120990891,0.08662834249636163
edge_27_39,jacs_set,mcl1,27,39,-0.9100003242492677,-0.2780433397068193,0.7562953053413499,1.1201704127920271,-0.9456660293180374,0.9428466197313891,1.036114358429835
edge_47_27,jacs_set,mcl1,47,27,-0.3399996757507324,-0.41746335245379124,0.515602414007613,0.5421389748860386,-3.114244741873805,0.22963084531712216,0.24868006672479792
edge_49_27,jacs_set,mcl1,49,27,2.239999771118164,3.4416826003824084,1.0557592083149545,1.0648312705832839,1.3177182919056711,0.4003987760269567,0.5572624815852929
edge_51_27,jacs_set,mcl1,51,27,2.3299999237060547,0.20156150414276616,0.43945775820482325,0.6371966747492835,-0.40630975143403847,0.23412679282638574,0.24511747468310635
edge_27_60,jacs_set,mcl1,27,60,-2.8000001907348637,-2.480879541108987,0.28438840618086136,0.3406487863865835,-2.44263862332696,0.4937831017870377,0.5191263407101642
edge_65_27,jacs_set,mcl1,65,27,2.289999961853028,4.571383046526449,1.014691077496704,1.608009501969381,3.563575525812624,0.2123078903893084,0.24279063605539106
edge_68_27,jacs_set,mcl1,68,27,1.570000171661377,1.2930210325047793,0.7821300200681889,0.7907093006037191,3.044136392606752,0.5568989130327204,0.559893794592382
edge_28_41,jacs_set,mcl1,28,41,-0.5100002288818359,-1.9080624601657108,1.643453869545382,8.931250061262531,-3.286328871892925,0.8843282535140516,4.369176535129007
edge_28_30,jacs_set,mcl1,28,30,-1.2300000190734863,-1.3575525812619502,0.47052993492199974,0.49673135764264914,-0.09321223709369036,0.22185246411398057,0.23070793696751396
edge_35_28,jacs_set,mcl1,35,28,2.1900005340576176,1.5168897386870637,0.39338669414697724,0.46036070598033674,1.9463033779477386,0.4783916887309878,0.4777341881721869
edge_28_38,jacs_set,mcl1,28,38,-0.4000000953674316,-1.7391650732950925,0.45826215669511494,1.9227678296797992,-2.4012109623964313,0.8588152026327486,0.8971980500135669
edge_28_45,jacs_set,mcl1,28,45,-2.3299999237060547,-3.661567877629063,0.33116332100308105,0.32839991636631316,-2.3836838750796683,0.2792551951838458,0.30562253511466314
edge_28_49,jacs_set,mcl1,28,49,-1.739999771118164,-3.7699171446781383,0.43974868796624283,0.5726223994366396,-3.3357233906947092,1.1184255818100994,1.2202305945865128
edge_28_64,jacs_set,mcl1,28,64,-2.880000114440918,-3.860739324410453,0.5230385220628151,0.5446008239946175,-4.341937539834289,0.741940498259871,0.7668712867130371
edge_29_33,jacs_set,mcl1,29,33,0.05999994277954098,-0.06134480560866819,0.32819359398539266,0.35461782745574666,-0.632568514977693,0.537748399029162,0.9660339811104595
edge_43_29,jacs_set,mcl1,43,29,0.0900001525878906,-1.5519439133205861,0.4164133537524217,1.4805227953371252,-0.4596876991714468,0.3348955707315026,0.399626597266775
edge_48_29,jacs_set,mcl1,48,29,-0.2800002098083496,-2.5589547482472916,0.37742389356599926,0.512302154786983,-2.119184193753983,0.7805867498308098,0.9290036159274981
edge_29_50,jacs_set,mcl1,29,50,-2.389999866485596,-1.8252071383046535,0.3776775133793649,1.9628675541479579,-1.2165391969407273,0.4091695857473565,0.5987839588401624
edge_66_29,jacs_set,mcl1,66,29,1.4900002479553225,3.24968132568515,0.4070139468152015,0.572710601630038,3.9188973868706194,0.8195457596818047,1.0324735943772245
edge_35_29,jacs_set,mcl1,35,29,1.87000036239624,0.8325366475462076,1.0271635699706556,1.0350875267512645,2.3215423836838744,0.6987355285090463,0.7606857190815862
edge_29_54,jacs_set,mcl1,29,54,-2.839999675750732,-3.7141491395793493,0.8455655431287572,1.7130688958391251,-3.718929254302103,1.2016775657867145,2.214704009786768
edge_29_63,jacs_set,mcl1,29,63,-2.12000036239624,-3.9228808158062454,0.68586325463155,5.720665045147646,-4.344327597195666,0.8554416390256392,2.468433529806361
edge_29_64,jacs_set,mcl1,29,64,-2.559999942779541,-3.834448693435309,0.4957096119518981,0.7492987160684806,-3.0536966220522617,0.2253826475356566,1.0963509406362868
edge_30_34,jacs_set,mcl1,30,34,0.9800000190734866,-1.3957934990439778,0.2859509646768231,0.3014665733443862,-1.069152326322499,0.4079944514787292,0.44811224465635535
edge_30_45,jacs_set,mcl1,30,45,-1.0999999046325684,-1.0627788400254954,0.6402111273041672,1.6759935252639733,-2.3311026131293806,0.7551147706069096,0.7578422885344075
edge_30_57,jacs_set,mcl1,30,57,-1.190000057220459,-0.8906947100063718,0.6602130496635042,0.6706325348425181,-2.617112810707458,0.3910532112541232,0.39057963014748504
edge_30_36,jacs_set,mcl1,30,36,-0.3300004005432129,-0.7018801784576156,0.34705421841297523,0.36128685228089075,-1.123326959847037,0.19457129028470527,0.20631775753179027
edge_40_30,jacs_set,mcl1,40,30,-0.5999999046325684,0.05258126195028652,0.3859538226407949,0.43360431805948646,1.273900573613768,0.24261598620363195,0.2624698504218168
edge_48_30,jacs_set,mcl1,48,30,-1.190000057220459,-1.4165073295092416,0.5193989016649623,0.5235745300444221,-4.064690885914596,0.3263966028169321,0.33036963595064517
edge_53_30,jacs_set,mcl1,53,30,2.1100001335144043,3.307839388145315,0.20660543884381513,0.9596512144925194,4.048757170172084,0.8208739192292762,0.8495603657571058
edge_62_30,jacs_set,mcl1,62,30,0.1100001335144043,1.3639260675589522,0.5937963186824989,0.6110547663177816,1.135277246653918,0.3580777975858684,0.34741084183976834
edge_30_64,jacs_set,mcl1,30,64,-1.6500000953674316,-2.7541427660930546,1.5284211179574667,3.20059373199179,-2.7087316762268956,0.937214504687243,1.1844018350112901
edge_30_68,jacs_set,mcl1,30,68,0.1599998474121093,-1.9502868068833574,0.6076997916623263,0.6123303894577912,-1.5535372848948374,0.32459847810693854,0.3778174778025341
edge_31_50,jacs_set,mcl1,31,50,-1.4099998474121094,0.28680688336520316,0.21213397171962084,0.2161994697900585,0.24059910771191834,1.28137407074099,1.350930114609464
edge_31_58,jacs_set,mcl1,31,58,-1.489999771118164,-3.8217017208413018,0.7963190629929761,0.8922417897620454,-2.2291268323773115,0.3385917535391429,0.36698271575634156
edge_33_31,jacs_set,mcl1,33,31,-1.0399999618530271,-2.0570427023581903,0.45383734031034667,0.4661344357016927,-1.7208413001912035,0.7034851251023185,0.7195182434420152
edge_31_37,jacs_set,mcl1,31,37,-1.0299997329711914,-1.0755258126194995,0.44832867717921593,0.4567886647620298,0.47243467176545734,0.43159266117928435,0.46328945334222654
edge_45_31,jacs_set,mcl1,45,31,1.0299997329711914,-0.18164435946462837,0.37352975317909154,0.3725198210074404,0.0,0.22037240612466005,0.22288189638743774
edge_31_46,jacs_set,mcl1,31,46,0.3200001716613769,0.5648502230720229,0.2898142404562909,0.3197997152053146,1.3623326959847042,0.41460925833871853,0.4484057076154689
edge_67_31,jacs_set,mcl1,67,31,-0.3400001525878906,1.2332695984703623,0.24086417826602025,0.2479624628543208,1.5774378585086029,0.2118930912965375,0.21121254229980513
edge_48_32,jacs_set,mcl1,48,32,0.07999992370605459,-1.675430210325049,0.2551870064842255,0.27412715334908244,-2.7876035691523255,0.6340959265332677,0.6461945576743059
edge_32_50,jacs_set,mcl1,32,50,-2.75,-2.621892925430211,0.393039661792951,0.5168055276009315,-2.1717654557042687,0.7363818434695516,0.7551730851569748
edge_32_54,jacs_set,mcl1,32,54,-3.1999998092651367,-3.609783301465902,0.6327404254837194,0.6583180825177477,-5.227852135117912,0.9884568137129182,1.0449458251754695
edge_32_57,jacs_set,mcl1,32,57,-2.4600000381469727,-1.0572020395156163,0.37268327480017427,0.9603210528061735,-2.312778840025496,0.9485814154254221,1.0096890259290163
edge_32_60,jacs_set,mcl1,32,60,-2.3400001525878897,-2.575685149776928,0.2970021656725888,0.6285920620827457,-1.682600382409177,0.23253830835536435,0.2828808103098826
edge_62_32,jacs_set,mcl1,62,32,1.380000114440918,1.0484384958572348,0.5291658273825881,0.5960358417256428,1.8132568514977698,0.6518547179588596,0.670238230826274
edge_33_37,jacs_set,mcl1,33,37,-2.0699996948242188,-1.571861057998726,0.2704350755188017,0.31170658073040536,-2.068196303377948,0.4596572104976669,0.473651724856369
edge_33_50,jacs_set,mcl1,33,50,-2.4499998092651367,-2.125557680050987,0.436061346864729,0.44823859421639417,-1.7192479286169555,0.30342987121637366,0.31504171303004547
edge_54_33,jacs_set,mcl1,54,33,2.899999618530273,3.208253664754621,0.544573234762693,0.5670029871260381,1.8299872530274062,0.9163068542749275,2.225870591546353
edge_56_33,jacs_set,mcl1,56,33,2.3800001144409175,1.7742192479286165,0.6786531282207612,0.7348530954529352,1.8060866794136388,0.2785282294880431,0.3151388712128734
edge_61_33,jacs_set,mcl1,61,33,1.1999998092651367,0.5919375398342898,0.6994433413032205,0.7791932339918967,1.0994263862332694,0.5316129623663403,0.5486764759307253
edge_40_34,jacs_set,mcl1,40,34,0.3800001144409179,0.2294455066921659,0.43084920709696795,1.3387728351574495,0.9440726577437882,0.6869917831791456,0.7151694460934973
edge_35_50,jacs_set,mcl1,35,50,-0.5199995040893555,-1.0524219247928635,0.3487131018303215,0.3616341230326479,-0.7568514977692792,0.2915237716106821,0.29837764569525743
edge_54_35,jacs_set,mcl1,54,35,0.9699993133544922,2.292861695347355,0.512406464952414,0.5195040803794372,2.6800509878903767,0.31145179143614043,0.3187040462870402
edge_35_63,jacs_set,mcl1,35,63,-0.25,-2.5366475462077753,0.42555766429395225,0.45796033318142004,-3.15089228808158,0.31355388134465667,0.3133637438385788
edge_43_35,jacs_set,mcl1,43,35,-1.7800002098083496,-1.6810070108349269,0.6512663002443212,0.6671169206865636,-2.1645952836201396,0.645789495482327,0.6553503475871497
edge_35_44,jacs_set,mcl1,35,44,0.1400003433227539,-0.5768005098789039,0.1805156501890074,0.18518821670139865,-1.107393244104525,0.2392214621362031,0.24172860841615307
edge_35_45,jacs_set,mcl1,35,45,-0.1399993896484375,-1.2053855959209694,0.14812770686037688,0.16376728918007952,-1.119343530911409,0.37242071755123723,0.3823481109956423
edge_35_46,jacs_set,mcl1,35,46,1.2100005149841309,1.4053537284894835,0.45019629662314553,0.45900035284923574,0.6811663479923513,0.550604199626572,0.5575946047385124
edge_49_35,jacs_set,mcl1,49,35,-0.4500007629394532,-0.24298916507329654,0.3943475478705947,0.4004148569221583,0.8405035054174614,0.30395921665127795,0.3269746531074251
edge_36_52,jacs_set,mcl1,36,52,-1.0499992370605469,-0.8221797323135748,0.36811874551878143,0.3712776347864914,-0.9815168897386872,0.32789097691934943,0.3406659863016035
edge_37_50,jacs_set,mcl1,37,50,-0.3800001144409179,0.379222434671767,0.8622972047235175,0.8624477593503824,0.8851179094964945,0.2120319561390893,0.21527450949896784
edge_37_60,jacs_set,mcl1,37,60,0.029999732971191396,-0.6445188017845762,0.13154414312775772,0.13069866955024811,-0.19518801784576156,0.1359854318679747,0.1389744710485152
edge_38_45,jacs_set,mcl1,38,45,-1.929999828338623,-0.3967495219885277,1.034464179978889,1.2591854956841992,0.3290312300828554,0.6265033577769272,1.7006022607698887
edge_62_38,jacs_set,mcl1,62,38,0.9400000572204589,-0.5831739961759083,0.7393719077153315,0.846519433934072,-1.0540152963671128,0.799480729725175,0.8356033500574697
edge_46_39,jacs_set,mcl1,46,39,0.5699996948242188,0.4724346717654556,0.23475521669955,0.668577528560011,-1.30576800509879,0.40487590080869557,0.4041111812476883
edge_40_45,jacs_set,mcl1,40,45,-1.6999998092651367,-0.027087316762271486,0.8219850332393303,14.516808405983598,-0.0422243467176569,0.826980311151592,1.388687706628304
edge_47_40,jacs_set,mcl1,47,40,-1.4699997901916504,-1.3177182919056725,0.5801506233570068,0.5812174690844335,-1.1591778202676866,0.35603440777907086,0.5098057966258299
edge_66_41,jacs_set,mcl1,66,41,1.3000001907348633,0.07488846398980264,0.739670300492569,281.103728511537,1.2515933715742507,0.7651232190152284,5.711956222972521
edge_41_49,jacs_set,mcl1,41,49,-1.229999542236328,-0.3808158062460166,1.3246336243686558,1.4610089184062276,-1.539993626513705,0.6006703961566366,0.6239424226390048
edge_42_60,jacs_set,mcl1,42,60,-0.0200004577636718,-1.2507966857871258,0.47596687517855546,0.48022599064539917,-0.6007010834926693,0.38913312754648677,0.39402585454949474
edge_66_42,jacs_set,mcl1,66,42,-0.46999931335449224,1.5240599107711919,0.18674766731982598,0.18825427153931618,1.7487253027405998,0.19046973569871684,0.19234144993715302
edge_42_45,jacs_set,mcl1,42,45,-0.05000019073486319,-1.7853728489483762,0.28823339786940566,0.28875908970564884,-0.9568196303377957,0.13921727999486758,0.1427727027223998
edge_42_64,jacs_set,mcl1,42,64,-0.6000003814697266,-2.5071701720841295,0.22103518590421203,0.22184702706804804,-1.8180369662205214,0.34702112960918474,0.3493817958892295
edge_43_61,jacs_set,mcl1,43,61,-1.049999713897705,-2.8999362651370304,1.3264387746249835,1.5031635907536993,-2.794773741236457,0.696640519009315,0.7369610639991302
edge_43_67,jacs_set,mcl1,43,67,-0.5499997138977051,-4.03999362651371,0.31410833246114644,0.5006623431976873,-1.447578075207133,0.37349597836905857,0.38912979146020993
edge_49_43,jacs_set,mcl1,49,43,1.3299994468688965,1.9216061185468432,0.3419691985235663,0.33253527239028824,1.465901848311026,0.2180575580538257,0.25104246272925057
edge_44_54,jacs_set,mcl1,44,54,-1.109999656677246,-1.3742829827915881,0.5106585929560967,0.5268689539393854,-1.5017527087316767,0.32741389351347683,0.335813764428498
edge_51_45,jacs_set,mcl1,51,45,-0.5,-2.252230720203951,0.4331037565499401,0.431917884802693,-2.102453792224345,0.45706068915988135,0.46099115003170255
edge_52_45,jacs_set,mcl1,52,45,0.2799997329711914,1.2205226258763533,0.3453197028616055,0.3757960620874623,0.69231994901211,0.21216707802580004,0.22199734683089783
edge_62_45,jacs_set,mcl1,62,45,-0.989999771118164,-1.6300191204588914,0.3812044379846017,0.3874943737866829,-1.963033779477375,0.24037261464553025,0.24740710167036686
edge_50_46,jacs_set,mcl1,50,46,1.7300000190734863,2.3255258126195035,0.4026766972012955,0.4098130681358713,2.090503505417462,0.6259353508982799,0.634081675450988
edge_46_52,jacs_set,mcl1,46,52,-1.6299996376037598,-2.9031230082855317,0.6106831557889816,0.6291280938089819,-3.577119184193754,0.7491567292443131,0.749604568702866
edge_46_63,jacs_set,mcl1,46,63,-1.4600005149841309,-4.790471637985978,0.6776143992582967,0.690479426684879,-4.440726577437858,0.34768891842468375,0.5211571122693335
edge_47_49,jacs_set,mcl1,47,49,-2.5799994468688965,-3.3181963033779445,0.8866090278604194,1.0153832290143305,-3.76434034416826,0.46124692197757644,0.4616990372019021
edge_47_51,jacs_set,mcl1,47,51,-2.6699995994567867,-2.2936583811344833,0.6820873224405646,0.7583302661870346,-2.7987571701720793,0.4625792583590678,0.4768388356711169
edge_47_53,jacs_set,mcl1,47,53,-4.179999828338623,-6.238049713193116,0.42639938641335123,0.462500007476825,-7.404397705544934,0.7155421263859751,0.7703892358406258
edge_65_47,jacs_set,mcl1,65,47,2.62999963760376,5.362492033142129,0.42232993363930327,0.42584480181242135,6.852294455066922,0.7203562990000477,0.7652288135650359
edge_62_48,jacs_set,mcl1,62,48,1.3000001907348633,3.773900573613768,0.6296704392201999,0.7013083347633118,3.8057680050987903,1.0562347252696815,1.5819882196100847
edge_48_64,jacs_set,mcl1,48,64,-2.84000015258789,-3.287922243467179,1.282657075654388,2.7697267173301436,-6.388623326959847,1.5652617424785573,4.373324095263248
edge_48_66,jacs_set,mcl1,48,66,-1.770000457763672,-5.893881453154878,0.30283169157045137,0.32815499242755797,-7.584448693435308,0.300838853338684,0.3138102465591088
edge_67_48,jacs_set,mcl1,67,48,0.9200000762939451,5.043817718291903,0.27019727773685814,0.3235686660896086,6.9359464627151075,0.7273193420767058,0.842263697432738
edge_49_52,jacs_set,mcl1,49,52,-0.8699998855590821,-1.1894518801784562,0.28741240547934244,0.3617019078370693,-1.9789674952198855,0.45572388804652997,0.4731502290576933
edge_50_64,jacs_set,mcl1,50,64,-0.1700000762939453,-0.9870936902485659,0.43024819529723685,0.49599442714969816,-1.7096876991714474,0.7422485192420144,0.7554894566404304
edge_68_50,jacs_set,mcl1,68,50,-1.6399998664855957,-1.3376354365838174,0.21968673682670056,0.236933215123075,0.6206182281708088,0.41938554184479626,0.4392941146568884
edge_63_51,jacs_set,mcl1,63,51,0.6100006103515625,4.6072339069471,0.6383423362809734,0.6441531051223125,4.147546207775658,0.1615681239098521,0.1911969444438519
edge_51_61,jacs_set,mcl1,51,61,0.369999885559082,-1.4157106437221156,0.31864596038842813,0.3304644218640024,-0.5114722753346099,0.9040275560709577,1.0207488150893749
edge_56_53,jacs_set,mcl1,56,53,-0.6999998092651367,-1.1607711918419372,0.2947360197959323,0.2922675048309456,-1.1432441045251773,0.2508241074668372,0.24915966012496496
edge_57_53,jacs_set,mcl1,57,53,-0.9200000762939451,-3.10388782664117,0.629476990620786,0.6297846798757225,-1.8180369662205231,0.29081118751756374,0.3004328666661577
edge_58_53,jacs_set,mcl1,58,53,-0.5500001907348633,0.8715742511153596,0.10697078674365915,0.1057543715006387,0.6708094327597199,0.10658677983761644,0.10825393978091868
edge_67_53,jacs_set,mcl1,67,53,-2.3800001144409175,-1.197418738049711,0.13515304524994665,0.14483655804304363,-1.3886233269598476,0.09899986582070198,0.10061798492891685
edge_61_54,jacs_set,mcl1,61,54,-1.6999998092651367,-1.0922562141491396,0.870792118780279,0.8775814797762987,-2.9421606118546846,0.5344554525784433,0.5382022335819318
edge_68_54,jacs_set,mcl1,68,54,-2.0899996757507324,-2.320745697896751,0.2546068323415416,0.2541410602367642,-2.4251115360101934,0.17205503281949389,0.1740102093542384
edge_56_57,jacs_set,mcl1,56,57,0.2200002670288086,1.7654557042702366,0.3654021158081626,0.37055416835309574,0.7337476099426387,0.17604959205623494,0.1712029040524081
edge_67_56,jacs_set,mcl1,67,56,-1.6800003051757812,-0.18881453154875186,0.20249872991815718,0.2057473368300944,0.29955385595920897,0.09335266560096658,0.09094126135049715
edge_58_57,jacs_set,mcl1,58,57,0.369999885559082,3.7348629700446137,0.1789814399039367,0.2595177929844252,2.5557680050987877,0.19391199843985082,0.21428172300352907
edge_65_58,jacs_set,mcl1,65,58,-1.0,-0.818992989165073,0.4871322063766283,0.4907716221783578,-1.0611854684512423,0.1396026698437043,0.1337472037477316
edge_61_60,jacs_set,mcl1,61,60,-0.8400001525878906,-0.330624601657108,0.40866386480034345,0.5155574379794199,0.4652644996813253,0.5434466250913785,0.5503636500708244
edge_68_60,jacs_set,mcl1,68,60,-1.2300000190734863,-1.67782026768642,0.23298418046931546,0.2422549943787797,-0.7735818992989194,0.5057269237948978,0.512001858708792
edge_67_61,jacs_set,mcl1,67,61,-0.5,0.5027087316762282,0.47532922399950384,0.48466798164391933,0.7441045251752666,0.3461331447930677,0.36356475516564196
edge_62_64,jacs_set,mcl1,62,64,-1.5399999618530271,-2.493626513702996,0.49533574405539693,0.495062748728321,-3.5014340344168264,0.4655723384450719,0.4635494838032017
edge_2j_2gg,jacs_set,p38,2j,2gg,-0.5799999237060547,0.33779477374123745,0.25831569998385934,0.26901723294098956,-0.5058954748247292,0.24220907636298167,0.24557654944108806
edge_2j_2h,jacs_set,p38,2j,2h,0.6000003814697266,3.2042702358189894,0.09560383405808762,0.10258648934411953,2.1630019120458917,0.15057712508305907,0.15621651358363378
edge_2j_2e,jacs_set,p38,2j,2e,-0.619999885559082,0.18084767367750013,0.14400491896902315,0.14133596200467402,-0.7839388145315456,0.22391445052576633,0.22543033884423036
edge_2j_2q,jacs_set,p38,2j,2q,-2.1800003051757812,-3.962715105162527,0.3385093237802505,0.34266684941873965,-3.624123645634161,0.5297463628692034,0.5352757388964748
edge_2j_2t,jacs_set,p38,2j,2t,-1.770000457763672,-3.44486934353091,0.2249727223125539,0.23167067191725335,-2.3661567877629075,0.3083047189639499,0.3102493630558655
edge_2j_2f,jacs_set,p38,2j,2f,1.6000003814697266,-0.10436583811344824,0.1469958509105678,0.18582856486856225,-0.6309751434034419,0.3235172466531087,0.3301878015018394
edge_2j_2ee,jacs_set,p38,2j,2ee,-2.1800003051757812,-1.1408540471637987,0.4106492788762589,0.40974403758985817,-1.018961121733588,0.2344267333051372,0.24259091616328776
edge_2j_2r,jacs_set,p38,2j,2r,-0.7100000381469727,-1.8307839388145342,0.4315152275841306,0.45085760272242836,-0.8516571064372244,0.48143360867479984,0.5598421906968677
edge_2j_2v,jacs_set,p38,2j,2v,1.109999656677246,1.0388782664117266,0.3198246984630685,0.3171417018667089,1.1472275334607989,0.23911482867911205,0.24368766120747598
edge_2j_2ff,jacs_set,p38,2j,2ff,-1.359999656677246,-1.2093690248565971,0.20057715430451875,0.20163500829657147,-1.3463989802421905,0.2888796405490399,0.28740101053696787
edge_2j_2l,jacs_set,p38,2j,2l,-2.1800003051757812,-2.822657743785851,0.27884630156452306,0.2843904144279717,-2.3422562141491423,0.2623593467451401,0.2677698131374144
edge_2j_2m,jacs_set,p38,2j,2m,-0.880000114440918,-2.553377947737413,0.3384103650993889,0.3371501952564753,-2.32711918419375,0.5304719015701214,0.5384563784446998
edge_2gg_3fln,jacs_set,p38,2gg,3fln,-0.2200002670288086,-0.8373167622689603,0.33453849505780714,0.3391667154513392,-1.1703314212874463,0.11251568507314992,0.11927692460563252
edge_2q_2u,jacs_set,p38,2q,2u,0.0,0.0446144040790314,0.16288468837936654,0.166589465314542,0.4788081580624594,0.522086493080862,0.524690281678581
edge_2t_3fln,jacs_set,p38,2t,3fln,0.9700002670288085,2.5326641172721507,0.13721657922049924,0.14375321921281484,1.5559273422562152,0.19941721202716847,0.20360512879105386
edge_2g_2i,jacs_set,p38,2g,2i,0.6099996566772461,1.2029955385595916,0.24103452939768058,0.24135650641645112,1.0062141491395813,0.14232940707421818,0.1452155553029524
edge_2g_2h,jacs_set,p38,2g,2h,1.1800003051757812,5.2692797960484405,0.24648513234222696,0.2495254576074703,4.915551306564694,0.17048732790590432,0.17703134923124558
edge_2g_3fln,jacs_set,p38,2g,3fln,-0.2200002670288086,1.4045570427023577,0.16323971429926343,0.17264017237962284,0.6150414276609333,0.47654762318157945,0.4795165675043785
edge_2g_3flz,jacs_set,p38,2g,3flz,1.170000076293945,0.8604206500956026,0.12761120651274235,0.12671231542854672,-0.08683875079668578,0.21540473735001045,0.2169832083125494
edge_2g_2f,jacs_set,p38,2g,2f,2.1800003051757812,1.2101657106437287,0.6157156923002987,0.6220514832262399,0.5258126195028653,0.4823173505198504,0.4837209318498454
edge_2g_2c,jacs_set,p38,2g,2c,0.1999998092651367,-2.554174633524538,0.2428598038628637,0.320503516924023,-2.492033142128744,0.3478172320879784,0.41808120896057516
edge_2l_2s,jacs_set,p38,2l,2s,1.1500005722045898,-0.30991077119184196,0.3757482356577526,0.37302102520982994,0.30274059910771,0.2767554072717486,0.37465414945693576
edge_2l_2o,jacs_set,p38,2l,2o,1.770000457763672,0.2493626513703173,0.2444677286806331,0.25574765540037453,0.260516252390065,0.270496731791571,0.2637468748715373
edge_2l_2n,jacs_set,p38,2l,2n,0.4099998474121094,-0.031867431485023044,0.19498914644827292,0.19291663863286054,0.48119821542383734,0.2698069049367198,0.26896244093216226
edge_2l_2p,jacs_set,p38,2l,2p,1.0600004196166992,1.0404716379859693,0.40837997395807163,0.42602534364522204,0.6477055449330666,0.668044653081072,0.7143299761075882
edge_2ee_3fln,jacs_set,p38,2ee,3fln,1.380000114440918,0.5576800509878892,0.12638275112567995,0.1323233943061656,0.2740599107711939,0.6573315029928725,0.6547989426121197
edge_2aa_3flw,jacs_set,p38,2aa,3flw,-1.4099998474121094,-1.4252708731676238,0.3047627866990444,0.30660172794448953,-2.4490121096239577,0.35039453598708004,0.3647919123417689
edge_2aa_2bb,jacs_set,p38,2aa,2bb,0.2100000381469726,0.5728170809432712,0.4021195789826257,0.7783089791505097,-0.6492989165073367,0.42822885836912544,0.587722028645925
edge_2aa_2z,jacs_set,p38,2aa,2z,-1.0899991989135742,1.6164754620777535,0.7952964504056041,0.8008332750929255,-0.9823135755258159,0.3597741102501535,0.3667402681500043
edge_2o_3fln,jacs_set,p38,2o,3fln,-0.3900003433227539,-0.6365519439133259,0.4347884340700824,0.45086367752262335,0.5138623326959928,0.38487719448104624,0.3406217959217903
edge_3flw_2z,jacs_set,p38,3flw,2z,0.3200006484985351,4.700446144040796,0.6655413196523027,0.6893293252100842,3.004302103250483,0.49062022892174484,0.6332918681613566
edge_2u_2k,jacs_set,p38,2u,2k,1.7100000381469729,3.4894837476099614,0.46572957742370247,2.3679250577697917,4.8271191841937515,0.6691487575911262,0.7290048932056621
edge_2p_3fln,jacs_set,p38,2p,3fln,0.3199996948242187,1.3519757807520645,0.6072895042166746,0.6284846168129457,1.4937858508604205,0.40364091930557827,0.3765563333843718
edge_3fmk_2v,jacs_set,p38,3fmk,2v,2.859999656677246,2.8943594646271507,0.4400525990204966,0.4436508367958751,3.7340662842574894,0.39253638617154224,0.42039176333407785
edge_3fmk_2z,jacs_set,p38,3fmk,2z,1.4700002670288086,4.358667941363925,0.43726853311644415,0.4576200751304754,3.863129381771831,0.33781447770204936,0.37827131662038077
edge_2i_3fln,jacs_set,p38,2i,3fln,-0.8299999237060547,-0.2637029955385609,0.3627719970619559,0.363226919374665,0.16252390057361368,0.2652441906005274,0.2691924632657416
edge_2x_3fly,jacs_set,p38,2x,3fly,-1.1900005340576172,-1.105003186743149,0.1477156281564457,0.15862178864657267,-1.6905672402804313,0.5534093482311639,0.5551264494907594
edge_2x_2v,jacs_set,p38,2x,2v,1.2599992752075195,1.5838113448056097,0.7431917356547224,0.7453291793595628,0.29796048438495837,0.6219118521836969,0.6314201900397107
edge_2ff_3fln,jacs_set,p38,2ff,3fln,0.5599994659423828,0.14499681325685143,0.07000148281964491,0.06946308366774728,0.09400892288081583,0.13401005328350638,0.13296363442060533
edge_2k_3fln,jacs_set,p38,2k,3fln,-0.3299999237060547,-0.8851179094964843,0.1497664206787113,0.14856010838097453,-1.0014340344168253,0.17161459692232706,0.17297051098766206
edge_2k_2m,jacs_set,p38,2k,2m,-0.4099998474121094,-2.4123645634161957,0.2825097746095663,0.281062634211325,-2.6234862970044666,0.1224536676906462,0.11916864692157669
edge_2n_3fln,jacs_set,p38,2n,3fln,0.9700002670288085,1.495379222434672,0.2185478774774257,0.22131959669563755,1.040471637985978,0.15793705923718043,0.1496945451359011
edge_3flq_3fly,jacs_set,p38,3flq,3fly,-1.489999771118164,-1.1878585086041586,0.5040100927936388,0.5716809961853215,0.16172721478647697,0.3120726020074062,0.38844452998894996
edge_3flq_2z,jacs_set,p38,3flq,2z,-0.4299993515014648,-0.5043021032504813,0.8537636903002356,7.7598094240083935,-0.17128744423197498,0.5149635863606682,4.401816085136388
edge_3fln_3flz,jacs_set,p38,3fln,3flz,1.390000343322754,-0.09560229445506742,0.12981682491258587,0.15096125221807494,-1.3479923518164436,0.1825728368373524,0.19352986069705774
edge_3fln_2v,jacs_set,p38,3fln,2v,1.9099998474121096,2.506373486297004,0.22272534087875753,0.22408772369553365,1.810866794136393,0.3063608318797152,0.30441830046031576
edge_3fln_2r,jacs_set,p38,3fln,2r,0.0900001525878906,-0.6516889738687044,0.2258858529358388,0.2186089897433433,0.010356915232633006,0.3675604521233369,0.3619763581709554
edge_3fln_2e,jacs_set,p38,3fln,2e,0.1800003051757812,1.0038240917782024,0.10472145917654167,0.10397701331302647,0.1442001274697247,0.09894132070856936,0.1005771316852814
edge_3fln_2s,jacs_set,p38,3fln,2s,-0.2299995422363281,-0.4724346717654556,0.2559368164755136,0.2602000342865985,-0.5951242829827921,0.367857626370675,0.3822418424381068
edge_3fmh_2v,jacs_set,p38,3fmh,2v,1.859999656677246,1.5862014021669861,0.3252076471538246,0.33197413973976414,1.8769917144678134,0.3155249204404985,0.33363666715787116
edge_3fmh_3fly,jacs_set,p38,3fmh,3fly,-0.5900001525878906,0.4365838113448059,0.1916015046699324,0.19416530246034236,0.1003824091778198,0.2556076242106698,0.2615895875005332
edge_2c_3flz,jacs_set,p38,2c,3flz,0.9700002670288085,2.5374442319949013,0.8217871923171878,0.8662060875785229,3.358827278521351,0.7305414295133325,1.056932174810872
edge_2y_2z,jacs_set,p38,2y,2z,-0.5799999237060547,-0.5337794773741237,0.5690229128239842,0.7804406256184048,0.46048438495857263,0.593284292489511,0.6379472129894538
edge_2y_2v,jacs_set,p38,2y,2v,0.8099994659423828,2.4737093690248564,0.2627526037520841,0.27504813312389115,0.49235181644359477,0.20538295045691196,0.21709589898227102
edge_2bb_2v,jacs_set,p38,2bb,2v,0.0900001525878906,0.12826641172720682,0.5678964708121698,0.5755865047889355,-0.02390057361378573,0.3895144424850417,0.4098214599158033
edge_2v_3fly,jacs_set,p38,2v,3fly,-2.4499998092651367,-1.686583811344805,0.42674367273980107,0.4265043900987162,-1.8060866794136405,0.11323579743000389,0.11492128660008194
edge_6a_1d,jacs_set,thrombin,6a,1d,0.9300003051757812,-0.16332058636073934,0.2044824028329462,0.19825638140923016,1.0651688973868714,0.281105167632754,0.2860912180402072
edge_6a_1b,jacs_set,thrombin,6a,1b,0.7200002670288086,0.5576800509878903,0.1950012712048594,0.25173868481094214,1.0683556405353734,0.22240638996299308,0.25786541395063856
edge_6a_3b,jacs_set,thrombin,6a,3b,1.320000171661377,1.6666666666666665,0.3775480136971864,0.3925981543551537,2.1996494582536643,0.648222201621094,0.6655705545979616
edge_3a_6b,jacs_set,thrombin,3a,6b,-0.5700006484985352,-1.2954110898661568,0.2066700213702108,0.20874343148835672,-0.6795729764181003,0.2748979144624381,0.28581174065456494
edge_3a_7a,jacs_set,thrombin,3a,7a,0.0999994277954101,0.2589228808158062,0.17586680312089586,0.17898294895260264,0.39674952198852764,0.5220125237875005,0.5244186607264543
edge_1d_1a,jacs_set,thrombin,1d,1a,0.7699999809265137,1.4539515615041427,0.369257331526423,0.3660515815237947,1.7678457616316121,0.23097657187553872,0.2413319577678133
edge_1d_5,jacs_set,thrombin,1d,5,0.6700000762939454,2.7366156787762903,0.43867681947647436,0.44358819581309017,1.064372211599745,0.42982730625574045,0.47062936577922465
edge_1d_7a,jacs_set,thrombin,1d,7a,0.029999732971191396,1.5710643722115998,0.2567072836470844,0.28173614399575414,0.24776927979604832,0.35364935073034226,0.3589241718378807
edge_6e_1a,jacs_set,thrombin,6e,1a,1.429999828338623,1.7439451880178458,0.2618032259739525,0.26853682415444957,1.2460165710643725,0.18627418071112542,0.21776017423537886
edge_6e_1c,jacs_set,thrombin,6e,1c,0.3499994277954101,0.6325685149776928,0.29453293035062067,0.291757371732624,-1.02772466539197,0.28024476704308643,0.29022531128410717
edge_6e_6b,jacs_set,thrombin,6e,6b,0.0199995040893554,0.6389420012746972,0.4808411078883257,0.4813807516389154,-0.09002549394518797,0.34193725314559525,0.3406812399355217
edge_6b_3b,jacs_set,thrombin,6b,3b,1.0300002098083496,1.1647546207775652,0.5523957667588758,0.5558489374759419,1.0978330146590185,0.33817541963597525,0.3436355189297731
edge_1b_1a,jacs_set,thrombin,1b,1a,0.9800000190734866,1.1990121096239643,0.18464877064627017,0.186427495903994,1.3663161249203315,0.17281760005087465,0.1730956559175396
edge_5_1c,jacs_set,thrombin,5,1c,-0.9800004959106443,-3.209847036328872,0.21382246185820153,0.21433672372999119,-2.041905672402804,0.40840025003346353,0.4137597515555526
edge_jmc_23_jmc_30,jacs_set,tyk2,jmc_23,jmc_30,0.7600002288818359,-0.003983428935629254,0.07745850178514055,0.07940267015575456,0.2605162523900565,0.05971602007329734,0.061862694127290556
edge_jmc_23_ejm_46,jacs_set,tyk2,jmc_23,ejm_46,0.3899993896484375,0.5688336520076505,0.05860613491764096,0.06031682780500937,0.572817080943278,0.06498389851277549,0.06472128738077708
edge_jmc_23_jmc_27,jacs_set,tyk2,jmc_23,jmc_27,0.4200000762939453,0.0717017208412995,0.11369588601993974,0.11254373111435777,0.0223072020395157,0.11766210807554445,0.11876418025721706
edge_jmc_23_ejm_55,jacs_set,tyk2,jmc_23,ejm_55,2.4899997711181645,0.36089866156787714,0.14986861049770683,0.155601581929695,0.6333652007648184,0.09943715455902137,0.0989496863469893
edge_ejm_47_ejm_31,jacs_set,tyk2,ejm_47,ejm_31,0.1599998474121093,0.3935627788400208,0.24097021725540593,0.24148482485644637,0.291586998087947,0.16748897740525331,0.18648294256658368
edge_ejm_47_ejm_55,jacs_set,tyk2,ejm_47,ejm_55,0.48999977111816406,-0.07090503505417806,0.1432656087249154,0.15454555128170405,-0.7074569789674937,0.14243902169619274,0.15485804156100305
edge_ejm_49_ejm_31,jacs_set,tyk2,ejm_49,ejm_31,-1.7899999618530271,-1.474665391969411,0.2669035284367253,0.2708615579330217,-1.4890057361376716,0.17590439916154454,0.18618200950486583
edge_ejm_49_ejm_50,jacs_set,tyk2,ejm_49,ejm_50,-1.229999542236328,-1.2778840025493972,0.20522375232025458,0.20603082874895737,-1.3495857233906934,0.6278273511084687,0.638199745453103
edge_ejm_31_ejm_46,jacs_set,tyk2,ejm_31,ejm_46,-1.770000457763672,-0.7560548119821561,0.13297172481628328,0.13303153262859682,-0.8373167622689638,0.11335159249936859,0.11505907757359916
edge_ejm_31_ejm_48,jacs_set,tyk2,ejm_31,ejm_48,0.5399999618530273,0.8365200764818423,0.3482598138481717,0.3489733477763924,-0.13702995538559695,0.16965497291685333,0.16941749902661896
edge_ejm_31_ejm_45,jacs_set,tyk2,ejm_31,ejm_45,-0.0200004577636718,0.12507966857871766,0.28384157183089087,0.2865206565281789,0.08843212237093458,0.11252222035212205,0.124250634083484
edge_ejm_31_ejm_43,jacs_set,tyk2,ejm_31,ejm_43,1.2799997329711914,0.6883365200764875,0.3513308496764192,0.35259744617108946,1.2221159974506013,0.20008113053203647,0.2003906735177332
edge_ejm_31_jmc_28,jacs_set,tyk2,ejm_31,jmc_28,-1.4399995803833008,-0.30672402804333926,0.42849083796964005,0.4317796113656694,-0.6198215423836806,0.27048950177108944,0.2804255019143847
edge_ejm_45_ejm_42,jacs_set,tyk2,ejm_45,ejm_42,-0.2199993133544922,-0.4421606118546848,0.1922625231479555,0.19579176375330917,0.03266411727214871,0.07371990825094579,0.07147490573314119
edge_ejm_44_ejm_42,jacs_set,tyk2,ejm_44,ejm_42,-2.3599996566772465,-3.8224984066284233,0.11672389856679127,0.11755129331716002,-3.8320586360739317,0.31231074759227667,0.3162726135026599
edge_ejm_44_ejm_55,jacs_set,tyk2,ejm_44,ejm_55,-1.7899999618530271,-3.6201402166985295,0.30998349532631914,0.31436201450146534,-3.8910133843212273,0.5347033557414284,0.5370677997282449
edge_ejm_43_ejm_55,jacs_set,tyk2,ejm_43,ejm_55,-0.9499998092651368,-1.9550669216061167,0.16688962714852057,0.17266887585806137,-1.4053537284894828,0.08028750661310026,0.07892884557651327
edge_ejm_50_ejm_42,jacs_set,tyk2,ejm_50,ejm_42,-0.8000001907348633,-0.4612810707456995,0.15636685926851948,0.15885650226472925,-0.5250159337157438,0.11930564470464736,0.11961822762186795
edge_ejm_42_ejm_54,jacs_set,tyk2,ejm_42,ejm_54,-0.75,-0.9137985978330124,0.13517419313003923,0.13592932022753482,-0.9615997450605464,0.07559037299481806,0.07778911581188656
edge_ejm_42_ejm_48,jacs_set,tyk2,ejm_42,ejm_48,0.7799997329711914,0.15933715742511267,0.09018552156404515,0.09163297815852901,1.0572020395156148,0.16632483793133557,0.16818457244934287
edge_ejm_42_ejm_55,jacs_set,tyk2,ejm_42,ejm_55,0.5699996948242188,-0.5600701083492671,0.08386947876874598,0.08916560970064538,-0.26768642447418334,0.1247652990183075,0.12301912783745025
edge_ejm_55_ejm_54,jacs_set,tyk2,ejm_55,ejm_54,-1.3199996948242188,-0.787922243467175,0.316260740111381,0.3161480140590407,-0.9592096876991703,0.28469146034117265,0.285523914596685
edge_jmc_28_jmc_30,jacs_set,tyk2,jmc_28,jmc_30,0.039999961853027295,-0.6158381134480564,0.07147174984581596,0.07149582443799855,-0.5967176545570422,0.2196281773967083,0.22121935301242227
edge_jmc_28_jmc_27,jacs_set,tyk2,jmc_28,jmc_27,-0.3000001907348633,-0.8564372211599733,0.05887500036142438,0.05966757317700791,-1.0492351816443595,0.0730484503318751,0.07331367233349023
edge_23477_23482,jacs_set,ptp1b,23477,23482,-1.1599998474121094,-0.9193753983428998,0.6632692937170058,0.9551623244429861,-1.5591140854047112,0.4317186824549941,0.5045204641957902
edge_23477_23479,jacs_set,ptp1b,23477,23479,-0.2899999618530273,-0.6939133205863579,0.8468333658852607,0.8641596037348459,-0.6429254302103244,0.3632897920514725,0.36372470967475407
edge_23477_23483,jacs_set,ptp1b,23477,23483,-1.0199995040893557,0.053377947737418156,1.0367122276956926,5.090154891904436,-0.1481835564053548,0.6101698536716033,0.8697755237767308
edge_23477_20670,jacs_set,ptp1b,23477,20670,-0.2299995422363281,0.2708731676226895,0.2629034288182135,0.24021929791489624,-0.3696622052262622,0.3115590741604863,0.3161986829123375
edge_23477_23466,jacs_set,ptp1b,23477,23466,1.0000004768371582,1.8036966220522626,0.6736230973842864,0.9541892390102986,2.4251115360101956,0.508076350651315,0.6400684619740203
edge_23477_23467,jacs_set,ptp1b,23477,23467,1.510000228881836,1.5734544295729718,0.4947203252125885,0.5423543466961455,2.1136073932441044,0.5587073661540752,0.6336652495111501
edge_23477_23330,jacs_set,ptp1b,23477,23330,-1.2799997329711914,-3.0058954748247326,0.4835335815544572,0.47373551582985235,-2.675270873167621,0.3250315632661723,0.3289136923295379
edge_23484_23482,jacs_set,ptp1b,23484,23482,-2.260000228881836,-0.8707775653282374,0.4573604607785947,220.37464411757122,-1.307361376673033,1.1126005296972605,25.58494758014326
edge_23484_23479,jacs_set,ptp1b,23484,23479,-1.390000343322754,-0.6835564053537317,1.6108570037768573,305.4353397536548,-1.3280752071383126,1.12344722666872,272.44452868811317
edge_23484_23485,jacs_set,ptp1b,23484,23485,-3.2600002288818364,-1.980560866794136,0.6900105296658552,16.51970549488361,-0.592734225621415,0.9201709831086617,4.9498762219130565
edge_23484_23486,jacs_set,ptp1b,23484,23486,-4.720000267028808,-1.8252071383046529,0.648050994420925,6.196005332700156,-1.1790949649458253,1.5752461687291068,6.657266305136887
edge_23484_20667,jacs_set,ptp1b,23484,20667,-3.6700000762939458,-3.0640535372848947,1.2495535008281127,2.7874227272335856,-2.040312300828553,0.7134920638778361,20.542337973000425
edge_23467_23473,jacs_set,ptp1b,23467,23473,-1.0500001907348633,-0.2860101975780732,0.4911050713351279,0.5168172918133114,-0.6708094327597192,0.27255316222470344,0.26315157915503207
edge_23467_23475,jacs_set,ptp1b,23467,23475,-1.380000114440918,-2.67367750159337,0.37236087713949734,0.6016850737680959,-2.1104206500956018,0.27986842668319273,0.2940476634675665
edge_23467_23476,jacs_set,ptp1b,23467,23476,-2.0699996948242188,-1.290630975143403,1.4181917204631749,1.4971996036032433,-2.834608030592734,0.724644427472369,0.7332020042558922
edge_23467_23474,jacs_set,ptp1b,23467,23474,-1.7699995040893557,-3.4631931166347996,0.26914124684378254,0.5292964746583768,-2.2737412364563405,0.4001187889363681,0.42674763734863375
edge_23467_23470,jacs_set,ptp1b,23467,23470,-0.3799996376037597,-0.9623964308476814,0.5931485882344438,0.6495429092466731,-1.466698534098156,0.5397956332365773,0.5374870342328624
edge_23467_23469,jacs_set,ptp1b,23467,23469,-0.3799996376037597,-0.5313894200127459,0.29036745953991944,0.42059754985466175,-1.7367750159337172,0.3017367751673495,0.37691344261260773
edge_23467_23468,jacs_set,ptp1b,23467,23468,-0.4099998474121094,-0.19598470363288556,0.3191409850571552,0.3509085103324594,-0.40551306564690875,0.3461225097093906,0.3539987915870019
edge_23467_23466,jacs_set,ptp1b,23467,23466,-0.5099997520446778,-0.24856596558317887,0.3891302938869442,0.3982253556570838,0.11551943913320609,0.16402849745628434,0.16206160826831784
edge_20667_23482,jacs_set,ptp1b,20667,23482,1.4099998474121094,0.9185787125557681,0.37189829671839414,0.39889350530580825,0.7106437221159999,0.387107770079947,0.506316767249582
edge_20667_23479,jacs_set,ptp1b,20667,23479,2.2799997329711914,1.0086042065009626,0.782125811204967,4.523907645747373,1.0619821542383603,0.5247911787988,3.475536127775844
edge_20667_23485,jacs_set,ptp1b,20667,23485,0.4099998474121094,1.537603569152327,0.35585765562343813,0.3643179918564055,1.5981516889738672,0.23463810285666414,0.24250852583413102
edge_20667_23486,jacs_set,ptp1b,20667,23486,-1.0500001907348633,0.7146271510516249,0.36250939713285324,0.3162696661949689,-0.25573613766730324,0.23883255879756576,0.24857023285723456
edge_23469_23472,jacs_set,ptp1b,23469,23472,-0.929999828338623,-0.24856596558319247,0.25015345603610034,0.25967615994838406,-0.9639898024219176,0.24220732625467586,0.24308601623483167
edge_23469_20669,jacs_set,ptp1b,23469,20669,-0.8899998664855957,-0.09400892288081562,0.44387527383325426,0.4710866814323997,-0.48677501593371114,0.3867357668934275,0.3927021439288121
edge_23483_23479,jacs_set,ptp1b,23483,23479,0.7299995422363281,1.0548119821542368,0.8257697278955147,1.1624526632517391,-0.5297960484384895,0.6353450302566515,0.9840220719000438
edge_23483_20670,jacs_set,ptp1b,23483,20670,0.7899999618530273,0.6118546845124289,0.9102854192895563,2.131051857181308,0.05736137667304232,0.4525645340393856,0.4137004862519982
edge_23480_23482,jacs_set,ptp1b,23480,23482,-1.2899999618530271,0.24059910771191695,0.4132553596370208,0.4498850606864866,-0.16650732950923955,0.33552371306505424,0.44644809947201114
edge_23480_23479,jacs_set,ptp1b,23480,23479,-0.4200000762939453,-0.2541427660930527,0.3223749282493279,0.35894045020769577,-0.9592096876991719,0.3492262588829888,0.38248814100474754
edge_23474_23466,jacs_set,ptp1b,23474,23466,1.2599997520446775,1.6865838113448068,1.6098823905075434,2.4520026113242137,3.777884002549394,0.5669389167495036,1.6391584287042282
edge_23473_20669,jacs_set,ptp1b,23473,20669,-0.2199993133544922,-0.0764818355640587,0.22298095466695425,0.2198902760805348,0.5473231357552596,0.1517303718915565,0.1548909751768358
edge_23471_23468,jacs_set,ptp1b,23471,23468,0.0,0.04939451880178379,0.44135441855175267,0.4562479334644448,-0.12348629700446291,0.29368957340548596,0.2941575866942058
edge_23471_23466,jacs_set,ptp1b,23471,23466,-0.0999999046325683,-0.23661567877629283,0.44123609308765965,0.42929729783376064,0.24458253664754281,0.32253207904580383,0.31914927812017485
edge_23471_23470,jacs_set,ptp1b,23471,23470,0.030000209808349592,0.3473550031867431,0.39281937192083294,0.39118628774026415,-0.4947418738049731,0.3047775228325227,0.3079853500484541
edge_20669_23472,jacs_set,ptp1b,20669,23472,-0.039999961853027295,-0.41427660930530713,0.44861027222606775,0.47506334779788956,-0.7568514977692707,0.27672521854139664,0.32219529286048576
edge_20669_23466,jacs_set,ptp1b,20669,23466,0.7599997520446777,1.5838113448056075,0.8096122048353298,1.0217482722545785,0.4835882727852118,0.6709102158470908,0.6764478045224214
edge_23476_23466,jacs_set,ptp1b,23476,23466,1.559999942779541,1.9024856596558317,0.7302887983749273,0.7526398479794112,3.8822498406628423,0.32174135014453625,1.086853816204657
edge_23466_23475,jacs_set,ptp1b,23466,23475,-0.8700003623962402,-2.1534416826003833,0.3384025813771967,0.4699196461505023,-2.036328871892925,0.6174284347607141,0.7420548630529504
edge_23466_20670,jacs_set,ptp1b,23466,20670,-1.2300000190734863,-3.3349267049075837,0.33712481705939007,0.8086914329732275,-2.4155513065646907,0.39460776508398465,0.6250104195460808
edge_23482_23479,jacs_set,ptp1b,23482,23479,0.8699998855590821,0.07329509241555256,0.6732193552656649,0.7076735739481868,-0.9233588272785103,0.4998099645474685,0.5817112444260539
edge_23482_23485,jacs_set,ptp1b,23482,23485,-1.0,-1.753505417463347,1.055283536899429,2.2411231687621602,1.4292543021032411,0.32122811769276044,0.4127399524538652
edge_23482_23486,jacs_set,ptp1b,23482,23486,-2.4600000381469727,0.16332058636074023,0.9813874100418536,2.5827496338926204,-1.8698215423836815,0.4761244395316453,0.5689034376614217
edge_23482_20670,jacs_set,ptp1b,23482,20670,0.9300003051757812,-0.548119821542347,0.6570414003245659,0.7838219680724258,-0.41586998087954324,0.8763999000525956,0.8710519194540562
edge_23486_23479,jacs_set,ptp1b,23486,23479,3.3299999237060547,-0.36169534735500025,0.6593795780902325,1.6574516915612216,1.197418738049711,0.42907628723387936,0.6074951821820401
edge_23486_23485,jacs_set,ptp1b,23486,23485,1.4600000381469729,0.0948056086679409,0.5872708881253652,0.5871231706495263,2.2004461440407894,0.21542085427733107,0.21887981739189297
edge_23485_23479,jacs_set,ptp1b,23485,23479,1.869999885559082,0.07568514977692027,0.6945674021521709,12.554406037072114,-1.1870618228170813,0.3757268670262979,0.9633016092735891
edge_23330_20670,jacs_set,ptp1b,23330,20670,1.0500001907348633,1.4467813894200139,0.24285946880891407,0.2384531625474259,2.1136073932441053,0.15839714704773636,0.16239199123952117
edge_20670_23479,jacs_set,ptp1b,20670,23479,-0.060000419616699184,0.3720522625876367,0.2879354470860069,0.2534468472984938,-0.32186105799872466,0.27425579201054645,0.32114675229055245
edge_CAT-13n_CAT-4i,jacs_set,bace,CAT-13n,CAT-4i,0.2800006866455078,0.876354365838118,0.47900868742204017,0.7002811138885437,1.2978011472275337,0.2747721191783866,0.2902082816717483
edge_CAT-13n_CAT-13a,jacs_set,bace,CAT-13n,CAT-13a,-0.3000001907348633,-1.5965583173996192,0.31989011207165896,0.3483573585607792,0.6779796048438494,0.27714400172033044,0.2789947826545609
edge_CAT-13n_CAT-13k,jacs_set,bace,CAT-13n,CAT-13k,-1.1599998474121094,-1.0516252390057443,0.14990016506909606,0.16287600929042317,0.8564372211599751,0.18458093277176557,0.19600196685319854
edge_CAT-13e_CAT-17g,jacs_set,bace,CAT-13e,CAT-17g,0.2200002670288086,6.700924155513064,0.48182853053784475,0.5292869734528295,5.434990439770557,0.24665885840748994,0.37868868929196947
edge_CAT-13e_CAT-17i,jacs_set,bace,CAT-13e,CAT-17i,0.4900007247924804,6.439611217335882,0.12449463652490574,0.1217287232507667,6.438814531548755,2.1231276301338213,2.125155858897622
edge_CAT-4a_CAT-4o,jacs_set,bace,CAT-4a,CAT-4o,-1.450000286102295,-0.4788081580624603,0.14314259633258647,0.1400484964245354,-0.1848311026131294,0.115672846351053,0.11373686770146864
edge_CAT-4a_CAT-13k,jacs_set,bace,CAT-4a,CAT-13k,-1.7699999809265137,0.1577437858508596,0.40534609083353895,0.4057596934675421,-1.175908221797327,0.35515367443988827,0.35794129664906454
edge_CAT-4m_CAT-4j,jacs_set,bace,CAT-4m,CAT-4j,0.1300001144409179,1.1814850223072024,0.1781973594923716,0.19345529497454703,-1.2978011472275317,0.18571385658750825,0.20304887075732939
edge_CAT-4m_CAT-4p,jacs_set,bace,CAT-4m,CAT-4p,-0.9300003051757812,-0.44534735500318673,0.09934281708981099,0.0975477362733173,-2.7390057361376674,0.3289733666977289,0.3292022003518689
edge_CAT-4m_CAT-4n,jacs_set,bace,CAT-4m,CAT-4n,0.05999946594238279,0.2079349904397708,0.13008059743912898,0.12797091750495876,-2.5820586360739344,0.13733283708962601,0.13607114034034826
edge_CAT-4m_CAT-4c,jacs_set,bace,CAT-4m,CAT-4c,1.299999713897705,1.2778840025493947,0.5978360037143896,0.610488942836707,1.37189292543021,0.83623790652676,0.886950612222423
edge_CAT-4m_CAT-13j,jacs_set,bace,CAT-4m,CAT-13j,0.4200000762939453,0.8102294455066924,0.23162882511194596,0.2322872895446859,-0.26290630975143264,0.16710492760437434,0.17251353043177148
edge_CAT-4m_CAT-13m,jacs_set,bace,CAT-4m,CAT-13m,0.3900003433227539,-0.46765455704271175,0.36379430109703714,0.36591116954946296,-3.136551943913321,0.2965007332101876,0.29692197279796156
edge_CAT-4m_CAT-4k,jacs_set,bace,CAT-4m,CAT-4k,1.299999713897705,1.4388145315487595,0.4293539849565612,0.42798101570062114,0.18164435946462498,0.5560855346378754,0.5564682473226418
edge_CAT-4m_CAT-13k,jacs_set,bace,CAT-4m,CAT-13k,-0.5500001907348633,0.44614404079031417,0.11488829009393679,0.11533084016512767,-1.504939451880175,0.4141577015676493,0.4109905726979535
edge_CAT-4m_CAT-4l,jacs_set,bace,CAT-4m,CAT-4l,-0.1900005340576172,1.3033779477374225,0.13651140865501393,0.15209700904756215,0.42543021032504125,0.5615304863721728,0.5747463722510745
edge_CAT-17b_CAT-17e,jacs_set,bace,CAT-17b,CAT-17e,0.0,-0.08843212237093798,0.08514172546809773,0.08418526032071362,-0.0199171446781412,0.21335543145210345,0.21526820480913136
edge_CAT-17b_CAT-13d,jacs_set,bace,CAT-17b,CAT-13d,-0.44999980926513666,-0.8476736775015926,0.4297103522250535,0.4284828471917403,-2.6545570427023586,0.20789520108298593,0.21027165392761174
edge_CAT-13j_CAT-4o,jacs_set,bace,CAT-13j,CAT-4o,-0.6500005722045898,-0.7911089866156725,0.3192288244732435,0.3229790420031164,-2.110420650095598,0.3073843598890322,0.31072679216185367
edge_CAT-13d_CAT-17d,jacs_set,bace,CAT-13d,CAT-17d,1.0499992370605469,1.4945825366475454,0.14325017615811267,0.14688188227874222,1.9725940089228808,0.4085281751522831,0.4096371022400777
edge_CAT-13d_CAT-17h,jacs_set,bace,CAT-13d,CAT-17h,0.1399993896484375,0.1999681325685148,0.26616865318732846,0.2665633771987276,0.6166347992351829,0.06390704078897015,0.0639696248198711
edge_CAT-13d_CAT-13h,jacs_set,bace,CAT-13d,CAT-13h,0.8399991989135742,1.3878266411727218,0.1279963525055736,0.12996118063870504,0.7010834926704904,0.42563826355716977,0.4304299200095196
edge_CAT-13d_CAT-13f,jacs_set,bace,CAT-13d,CAT-13f,1.3799991607666016,-2.8712555768005092,0.6582854319341059,0.6835897791126342,-1.6220522625876377,0.4136272340913986,0.4322894467730724
edge_CAT-13d_CAT-13b,jacs_set,bace,CAT-13d,CAT-13b,1.3499994277954102,0.15057361376672931,0.5006992191442388,0.4997883761328901,2.8075207138304648,0.3891250558501403,0.39048241007393397
edge_CAT-13d_CAT-17a,jacs_set,bace,CAT-13d,CAT-17a,-0.2600002288818359,-0.04461440407903013,0.07434904126105568,0.07410586300526417,-0.023103887826640534,0.17739835214191813,0.1777712518771722
edge_CAT-13d_CAT-13i,jacs_set,bace,CAT-13d,CAT-13i,1.1999998092651367,-0.6700127469725943,0.20014303150362936,0.20375891369283503,-1.5296367112810707,0.5726243028626896,0.5708947986268702
edge_CAT-13b_CAT-17g,jacs_set,bace,CAT-13b,CAT-17g,-0.619999885559082,1.0731357552581284,0.6885943900181082,0.6813767189670389,-1.317718291905673,0.40247716249497384,0.39795528895011345
edge_CAT-13a_CAT-17g,jacs_set,bace,CAT-13a,CAT-17g,-0.8999996185302733,0.8086360739324426,0.3580610484021764,0.36178545237070003,1.6411727214786507,0.48385349381232146,0.49067806154287164
edge_CAT-13a_CAT-17i,jacs_set,bace,CAT-13a,CAT-17i,-0.6299991607666016,1.3392288081580621,0.4423299699904223,0.4407790944317755,3.6312938177182903,0.36454891567199826,0.3644299659487526
edge_CAT-13a_CAT-13m,jacs_set,bace,CAT-13a,CAT-13m,0.0800008773803711,-1.3224984066284184,0.15870664946940474,0.16223429002784526,-1.3041746335245379,0.29846074537565354,0.29802227811437126
edge_CAT-13h_CAT-17i,jacs_set,bace,CAT-13h,CAT-17i,0.1600008010864257,-0.38001912045889014,0.21581645392479293,0.21851754897447193,1.8021032504780121,0.25495308874404204,0.3594351577066307
edge_CAT-13o_CAT-17i,jacs_set,bace,CAT-13o,CAT-17i,-0.9299993515014648,-0.17686424474187598,0.54629101794406,0.5441919804567519,0.7289674952198846,0.48503704586672725,0.48964755672557575
edge_CAT-13o_CAT-17h,jacs_set,bace,CAT-13o,CAT-17h,-1.7899999618530271,-0.996653919694073,0.28685770962836926,0.2805025523887073,-1.6650732950924159,0.24240411650711097,0.235385062999367
edge_CAT-13g_CAT-17g,jacs_set,bace,CAT-13g,CAT-17g,-0.6499996185302734,4.609623964308477,0.9371756299179632,1.0721475609344637,5.351338432122371,0.9117070155241773,0.9606726089036367
edge_CAT-13g_CAT-17i,jacs_set,bace,CAT-13g,CAT-17i,-0.3799991607666015,3.1309751434034436,1.0369440711240332,1.0597765028496795,6.552740599107711,0.2253911616134094,0.24126908523420493
edge_CAT-4k_CAT-4o,jacs_set,bace,CAT-4k,CAT-4o,-1.5300002098083496,-0.8731676226896051,0.28388631437965534,0.28701790394395454,-0.9942638623326917,0.2855893301305323,0.2874698384118805
edge_CAT-17g_CAT-17f,jacs_set,bace,CAT-17g,CAT-17f,0.3199996948242187,-0.822179732313575,0.2986999601975016,0.29773661434382653,-0.1896112173358835,0.3195694437687084,0.31939636721073456
edge_CAT-17g_CAT-17d,jacs_set,bace,CAT-17g,CAT-17d,0.3199996948242187,0.364882090503503,0.1742185553812242,0.1756528251297178,0.7313575525812624,0.1177923983247351,0.12368855752974837
edge_CAT-17g_CAT-13i,jacs_set,bace,CAT-17g,CAT-13i,0.4700002670288086,-2.398820905035053,0.2995128689877312,0.3005265801108209,-1.9725940089228766,0.5012426403856807,0.5084948060465817
edge_CAT-17g_CAT-13c,jacs_set,bace,CAT-17g,CAT-13c,0.4200000762939453,-0.39834289356277824,0.13179010117344767,0.15914299229602558,2.2594008922880806,0.16505552419287506,0.17410660651069215
edge_CAT-17g_CAT-17c,jacs_set,bace,CAT-17g,CAT-17c,-0.11999988555908199,-0.9560229445506692,0.7624821629875576,0.7666684641692673,-0.45251752708731613,0.34472383558215447,0.3442128860156129
edge_CAT-4l_CAT-13k,jacs_set,bace,CAT-4l,CAT-13k,-0.3599996566772461,-0.8596239643084964,0.1885378776627742,0.2389797671804631,-1.2866475462077738,0.5720795477133265,0.5909327084580873
edge_CAT-4j_CAT-4o,jacs_set,bace,CAT-4j,CAT-4o,-0.3600006103515625,-0.44216061185468647,0.09542047810832088,0.09505194126113516,-0.5090822179732303,0.189632963503337,0.19058456483487887
edge_CAT-4n_CAT-13k,jacs_set,bace,CAT-4n,CAT-13k,-0.6099996566772461,0.754461440407903,0.13271500929580704,0.1405768517789835,-0.39356277884002416,0.5521086044479517,0.5516125689408857
edge_CAT-17f_CAT-17e,jacs_set,bace,CAT-17f,CAT-17e,-0.5999994277954102,-0.758444869343534,0.45663050247780124,0.4562437412433292,1.1018164435946496,0.7417018047550692,0.7416338381508006
edge_CAT-4p_CAT-13k,jacs_set,bace,CAT-4p,CAT-13k,0.3800001144409179,1.2866475462077738,0.17655159253348834,0.1770274556641014,1.3105481198215425,0.1569259541026702,0.15613573783788642
edge_CAT-13c_CAT-17i,jacs_set,bace,CAT-13c,CAT-17i,-0.1499996185302734,-0.4676545570427027,0.3757667186434686,0.3749246753826879,0.2453792224346721,0.33211629178058977,0.3258270763410662
edge_CAT-24_CAT-17e,jacs_set,bace,CAT-24,CAT-17e,1.327000617980957,2.570108349267045,0.3811695033942175,0.3968427759583659,1.9980879541109002,0.19052623946600117,0.1946913551599859
edge_CAT-24_CAT-17i,jacs_set,bace,CAT-24,CAT-17i,1.87700080871582,2.441841937539835,0.14354803704486244,0.1550833175268869,2.9326003824091775,0.2759914310195131,0.2829775563463128
edge_CAT-4i_CAT-13m,jacs_set,bace,CAT-4i,CAT-13m,-0.5,-1.2404397705544927,0.5109695746180904,0.5188281756919704,-2.5310707456978965,0.45067962873480516,0.45337964114530915
edge_CAT-4c_CAT-4o,jacs_set,bace,CAT-4c,CAT-4o,-1.5300002098083496,-1.558317399617588,0.3955270890711363,0.4000039992802854,-2.9110898661567877,0.33659784660599495,0.3945873561026086
edge_CAT-17i_CAT-17a,jacs_set,bace,CAT-17i,CAT-17a,-1.260000228881836,-1.1679413639260678,0.4522547639510292,0.45244620083908826,-3.373167622689609,0.3546641190863232,0.38206622178019334
edge_CAT-17i_CAT-13f,jacs_set,bace,CAT-17i,CAT-13f,0.3799991607666015,-2.921446781389419,0.3005107564615663,0.3465029066603234,-5.470044614404078,0.29550813649658486,0.30170343153559387
edge_CAT-13k_CAT-4d,jacs_set,bace,CAT-13k,CAT-4d,0.5900001525878906,-0.2716698534098177,0.23841920089632437,0.24700225407762588,1.9710006373486304,0.458913368743288,0.9198062762782301
edge_CAT-13k_CAT-4b,jacs_set,bace,CAT-13k,CAT-4b,0.0699996948242187,-0.04700446144041269,0.1698434276575993,0.17784418302094035,0.5425430210325038,0.5445100767555655,0.541524491642687
edge_CAT-17c_CAT-17e,jacs_set,bace,CAT-17c,CAT-17e,-0.1599998474121093,-0.15854047163798612,0.19763799075155367,0.19754898857861836,2.4912364563416185,0.2338584859609959,0.23559871515331443
edge_CAT-4o_CAT-4d,jacs_set,bace,CAT-4o,CAT-4d,0.2700004577636719,-0.05656469088591749,0.41939217320168104,0.4807657748647801,1.6101019757807515,0.5703637218116292,0.6061870571948608
edge_CAT-4o_CAT-4b,jacs_set,bace,CAT-4o,CAT-4b,-0.25,-0.897068196303377,0.2649664359952655,0.2963240215565125,1.4483747609942643,0.7987961857023546,0.8197917415048908
edge_spiro16_spiro5,janssen_bace,bace_ciordia_prospective,spiro16,spiro5,0.4200000762939453,1.6363926067558965,0.15355532191600224,0.15118621268683352,2.1861057998725304,0.4739120532797566,0.47180964669763725
edge_spiro15_spiro16,janssen_bace,bace_ciordia_prospective,spiro15,spiro16,0.8699998855590821,0.09082217973231248,0.25571534901902576,0.2558961595680868,-0.9217654557042708,0.11315215133339888,0.11619822139014994
edge_spiro5_spiro2,janssen_bace,bace_ciordia_prospective,spiro5,spiro2,0.7300000190734863,0.6931166347992297,0.31553141557018716,0.32168989021042593,-0.2541427660930527,0.26082418924802303,0.26824321065965057
edge_spiro10_spiro5,janssen_bace,bace_ciordia_prospective,spiro10,spiro5,0.7399997711181641,0.6819630337794771,0.4430209579134102,0.5804031761833712,-0.2660930528999388,0.4141123595217488,0.512439319650657
edge_spiro3_spiro2,janssen_bace,bace_ciordia_prospective,spiro3,spiro2,1.9499993324279783,2.018005098789036,0.312926013816943,0.3169429711953165,1.213352453792223,0.23220172603577618,0.234683118247717
edge_spiro4_spiro2,janssen_bace,bace_ciordia_prospective,spiro4,spiro2,0.5899996757507324,0.5855640535372821,0.14723005518071644,0.15470415996115583,-0.47721478648820803,0.34780222917122283,0.3483100372142115
edge_spiro1_spiro2,janssen_bace,bace_ciordia_prospective,spiro1,spiro2,0.48999977111816406,1.0595920968769994,0.22628305518935807,0.23840225219713712,-0.34655831739961823,0.14769699420009064,0.13687612391613774
edge_spiro6_spiro10,janssen_bace,bace_ciordia_prospective,spiro6,spiro10,1.0299997329711914,0.3051306564690887,0.22772988125809052,0.23923056939089107,0.5640535372848947,0.35594145703410157,0.3611648261067534
edge_spiro3_spiro6,janssen_bace,bace_ciordia_prospective,spiro3,spiro6,-0.5500001907348633,-0.6708094327597194,0.5423850941162778,0.5448597487391411,-0.1354365838113456,0.1608107102189256,0.17546727458608347
edge_spiro15_spiro6,janssen_bace,bace_ciordia_prospective,spiro15,spiro6,-0.47999954223632807,-0.32345442957297643,0.3962789227984428,0.4062423417173062,-0.8835245379222432,0.2744197026528925,0.2924035862125785
edge_spiro4_spiro1,janssen_bace,bace_ciordia_prospective,spiro4,spiro1,0.0999999046325683,-0.05656469088591407,0.191773980143136,0.19200734667381275,-0.07568514977692835,0.2314913155332964,0.22881651109718756
edge_spiro15_spiro1,janssen_bace,bace_ciordia_prospective,spiro15,spiro1,1.5300002098083496,0.4421606118546848,0.07599528162110386,0.08008083648540788,0.5855640535372856,0.08808570456444467,0.09505956313186847
edge_8c_8a,janssen_bace,bace_p3_arg368_in,8c,8a,0.5184125900268556,0.8126195028680634,0.667092622561378,0.8387289265800997,2.6274697259400908,0.4301859015973356,0.43915107268061565
edge_8g_8a,janssen_bace,bace_p3_arg368_in,8g,8a,2.564784049987793,2.802740599107717,0.9066294781967276,0.9357675058093299,3.2074569789675125,1.127125396313029,1.20334946657877
edge_8a_17a,janssen_bace,bace_p3_arg368_in,8a,17a,-3.151409149169922,-1.4563416188655398,0.26944395327946785,0.27146050743845285,-3.0401529636711344,0.33611767975273715,0.34718898972689205
edge_8b_8c,janssen_bace,bace_p3_arg368_in,8b,8c,0.2046365737915039,-0.01832377310388812,0.10257691802260571,0.10162268279582387,-0.3362014021669886,0.24862489518246006,0.24870397418409576
edge_8b_8d,janssen_bace,bace_p3_arg368_in,8b,8d,0.1637096405029297,0.2413957934990452,0.24653032855788884,0.2468398376148649,1.7981198215423853,0.2569239496188342,0.34540948534510457
edge_8e_8b,janssen_bace,bace_p3_arg368_in,8e,8b,-0.0954971313476562,-0.9002549394518833,0.8096514744188378,0.9467989936564051,1.0380815806246018,0.5214568437190175,0.5411239006509139
edge_8d_8c,janssen_bace,bace_p3_arg368_in,8d,8c,0.040926933288574184,0.12667304015296393,0.4992382743531637,0.5004656404982739,-0.6891332058636056,0.22950244098274689,0.23134144884576663
edge_8c_8f,janssen_bace,bace_p3_arg368_in,8c,8f,0.8458328247070312,-0.028680688336507575,0.6941120789643505,0.8199252257170913,2.101657106437239,0.4802437945452936,2.2177970780287266
edge_8e_8d,janssen_bace,bace_p3_arg368_in,8e,8d,0.0682125091552734,0.23581899298916623,0.15034465616768497,0.2069082687291974,2.20761631612492,0.3806196786997832,0.38815679192325675
edge_8d_8f,janssen_bace,bace_p3_arg368_in,8d,8f,0.8867597579956054,-0.45570427023581894,0.3867122002891185,0.40965461361675265,-0.30672402804334087,0.2899757162567401,0.32740941810305935
edge_8d_8g,janssen_bace,bace_p3_arg368_in,8d,8g,-2.0054445266723637,-1.6602931803696634,0.5399540224315859,0.5508358634604711,-0.8277565328234538,0.5978195075675881,0.6155972617743624
edge_8e_17e,janssen_bace,bace_p3_arg368_in,8e,17e,-3.53339958190918,-1.5073295092415564,0.41893710292410247,0.4202802487793249,-0.7496813256851472,0.2801424371278433,0.279923643972677
edge_17g_8g,janssen_bace,bace_p3_arg368_in,17g,8g,0.76397705078125,1.2260994263862324,0.2497136201847628,0.2599996685196363,2.7270554493307895,0.3821365986289888,0.4023420257842407
edge_17a_17c,janssen_bace,bace_p3_arg368_in,17a,17c,-0.8049049377441406,-1.315328234544295,0.16571761912923058,0.1717859735006118,-1.6252390057361334,0.2603558801112851,0.26185287307325594
edge_17g_17a,janssen_bace,bace_p3_arg368_in,17g,17a,0.1773519515991211,3.2464945825366427,0.6195104302328479,3.440665459814259,3.1747928616953405,0.6867099958996582,1.0527475679163396
edge_27a_17a,janssen_bace,bace_p3_arg368_in,27a,17a,-1.7871618270874023,-2.3438495857233885,0.5427320912293232,0.7264464267000407,-1.439611217335881,1.0292628801474477,1.5588089712541764
edge_17b_17c,janssen_bace,bace_p3_arg368_in,17b,17c,-0.1637096405029297,-0.44375398342893785,0.13159030406732658,0.1314946010373991,-0.19837476099426346,0.0964410755106537,0.0967884548494497
edge_17b_17d,janssen_bace,bace_p3_arg368_in,17b,17d,0.1909933090209961,0.030274059910770815,0.2828694127844757,0.29152317187932963,-0.17925430210325047,0.16295674684526826,0.1673608549880115
edge_17e_17b,janssen_bace,bace_p3_arg368_in,17e,17b,0.36834716796874994,-0.5744104525175276,0.9741683175968117,1.0882707237476477,0.876354365838118,0.8922888013728167,0.9242017541660305
edge_17d_17c,janssen_bace,bace_p3_arg368_in,17d,17c,-0.35470294952392584,-0.47482472912683527,0.3182824902173456,0.3244400383205629,1.1846717654557,0.34754927363828564,0.3615261472091819
edge_17f_17c,janssen_bace,bace_p3_arg368_in,17f,17c,-0.1091394424438476,-0.40551306564691364,0.684008713791658,0.6757852677834273,0.5226258763543592,0.3713840338090959,1.0888711846300292
edge_17e_17d,janssen_bace,bace_p3_arg368_in,17e,17d,0.5593404769897461,-0.4700446144040795,0.4716727274933054,0.5634265373476692,-0.4373804971319307,0.9464316322714577,0.9578407058512072
edge_17f_17d,janssen_bace,bace_p3_arg368_in,17f,17d,0.2455635070800781,0.2469725940089224,0.2819204666152319,0.3691764441642824,0.8189929891650714,0.6899457071090148,0.6913891571443753
edge_17g_17d,janssen_bace,bace_p3_arg368_in,17g,17d,-0.2728500366210937,1.2205226258763533,0.509192546698914,0.5696851504365229,1.8236137667304004,0.39037881039900035,1.277222838021239
edge_27e_17e,janssen_bace,bace_p3_arg368_in,27e,17e,-2.592066764831543,-7.041905672402805,0.4036634003156849,1.0901596438288745,-3.8989802421924824,1.279348041410515,1.3091268468292876
edge_27g_17g,janssen_bace,bace_p3_arg368_in,27g,17g,1.13232421875,-0.970363288718923,0.5555076100458626,0.9228357308213618,-1.8395474824729106,0.3332666069106532,0.3487312762628811
edge_27a_27c,janssen_bace,bace_p3_arg368_in,27a,27c,-0.8594741821289064,-1.1408540471638071,0.14616325978406117,0.14573923361475674,-1.3766730401529648,0.412736793407901,0.4115791895796155
edge_27d_27a,janssen_bace,bace_p3_arg368_in,27d,27a,0.122781753540039,1.8809751434034423,0.5006392707019206,0.5302547389663848,1.7216379859783266,0.3809737766418938,0.37795612118095406
edge_27c_27b,janssen_bace,bace_p3_arg368_in,27c,27b,0.04092788696289058,0.23980242192479212,0.1717054985747185,0.1738958920375323,0.30194391332058684,0.18408781599429744,0.1792412274128419
edge_27d_27b,janssen_bace,bace_p3_arg368_in,27d,27b,-0.6957645416259766,0.15216698534097897,0.3783555108079702,0.3806829658741001,0.9273422562141515,0.25493271118538013,0.268213841707454
edge_27d_27c,janssen_bace,bace_p3_arg368_in,27d,27c,-0.7366924285888672,0.1649139579349831,0.6183353289782949,0.6297496695967567,1.1026131293817742,0.21889280397404695,0.29500338605235754
edge_27c_27f,janssen_bace,bace_p3_arg368_in,27c,27f,0.9140453338623049,1.1575844486934355,1.2986190392073271,1.4028654177589404,-1.1408540471638071,0.6186291455760817,5.887638650129837
edge_27e_27d,janssen_bace,bace_p3_arg368_in,27e,27d,0.0818557739257812,0.4086998087954113,0.6210521063670044,0.6291751913547213,1.0476418100701066,0.17075025174360214,0.16871127023281468
edge_27d_27f,janssen_bace,bace_p3_arg368_in,27d,27f,0.1773529052734375,0.12985978330146583,0.5324280753643188,0.5313881355505438,0.44455066921605935,0.27217105637508426,0.2558913577246636
edge_27g_27d,janssen_bace,bace_p3_arg368_in,27g,27d,2.9740562438964844,1.0237412364563445,0.694265153289681,0.7419884591502951,0.7361376673040165,0.5884189283693656,0.6481261563439535
edge_27g_27e,janssen_bace,bace_p3_arg368_in,27g,27e,2.892200469970703,1.289037603569155,0.2087455322608908,0.2178494411932898,1.5583173996175899,0.20304063272782918,0.21400314422298586
edge_1a_13,janssen_bace,ciordia_retro,1a,13,-3.5585808753967285,-2.2817080943275965,0.327002360863799,0.3286309039481948,-2.933397068196303,0.18453395009378845,0.17099467618303996
edge_22_1a,janssen_bace,ciordia_retro,22,1a,1.5222396850585938,2.2100063734862965,0.37224313401067877,0.32659481751453995,1.8323773103887837,0.6999121246188478,0.7021261866616249
edge_29_1a,janssen_bace,ciordia_retro,29,1a,2.650984287261963,2.7979604843849577,0.4811395361675863,0.4840957967573358,3.2648183556405344,0.24947945395993468,0.25767653739824686
edge_31_1a,janssen_bace,ciordia_retro,31,1a,3.448861598968506,2.4832695984703634,0.269495783135264,0.2657223814823232,1.2890376035691526,0.29363785214213683,0.29426304998107444
edge_1a_32,janssen_bace,ciordia_retro,1a,32,-1.6368427276611328,-1.6730401529636676,0.2831439664630102,0.28542886216422775,-1.2029955385595916,0.1765795793702934,0.18212413535682978
edge_1a_36,janssen_bace,ciordia_retro,1a,36,-4.894043445587158,-4.333970681963034,0.8948444304189421,0.8656594099371148,-4.904397705544934,0.3759565708885731,0.40998991828167314
edge_1a_37,janssen_bace,ciordia_retro,1a,37,-3.3653340339660645,-1.867431485022307,0.2682660439320408,0.26543255243798985,-1.16794136392607,0.13057102557767528,0.15337866975138956
edge_1a_39,janssen_bace,ciordia_retro,1a,39,-3.276085376739502,-1.8682281708094317,0.20642701650081943,0.20526191910075864,-2.325525812619503,0.12687086931746933,0.13076207959355982
edge_11_24,janssen_bace,ciordia_retro,11,24,-1.082474708557129,-1.7662523900573606,0.24953057257698016,0.24863013606904252,-1.5025493945188018,0.1460259580519229,0.14478270239620783
edge_11_25,janssen_bace,ciordia_retro,11,25,-0.1666746139526367,-0.43977055449330693,0.17722976958672682,0.18953410329747084,-0.7895156150414262,0.17694993008978918,0.22030899403724177
edge_11_27,janssen_bace,ciordia_retro,11,27,-0.909006118774414,-0.9584130019120454,0.11294982864626633,0.11291803414570592,-0.9432759719566591,0.074023777757048,0.07469274072148863
edge_11_38,janssen_bace,ciordia_retro,11,38,-0.6815643310546875,-0.9384958572339067,0.09923658140286018,0.09927664716495667,-0.6174314850223078,0.11301796752701156,0.11384913538838574
edge_12_13,janssen_bace,ciordia_retro,12,13,0.8136835098266602,0.47641810070108365,0.10985726646779957,0.10940369400406955,0.5648502230720199,0.14630372383094212,0.14542696674480143
edge_12_18,janssen_bace,ciordia_retro,12,18,0.5559606552124025,0.7233906947100074,0.34844354911372344,0.3504079853742154,0.23741236456341763,0.12252516450524432,0.11874085666449526
edge_22_12,janssen_bace,ciordia_retro,22,12,-2.850024700164795,-0.3553218610579999,0.1832321474661556,0.18917303130509044,-0.3863926067558939,0.16418064270388522,0.1666015842391354
edge_12_27,janssen_bace,ciordia_retro,12,27,0.8445711135864258,0.36647546207775694,0.06652512220539764,0.06844395701212724,0.2764499681325686,0.11521749892748355,0.11455712916741875
edge_20_13,janssen_bace,ciordia_retro,20,13,0.5243206024169922,1.1862651370299566,0.13296445960171413,0.13697860213341106,0.9711599745060546,0.27480817125054946,0.27536862190666234
edge_13_32,janssen_bace,ciordia_retro,13,32,1.9217381477355961,1.0938495857233876,0.29906758362402724,0.29559351765862474,1.6180688336520066,0.31350027573119915,0.31141566897314155
edge_33_13,janssen_bace,ciordia_retro,33,13,-2.5033411979675297,-1.4181007010834936,0.2566686742337677,0.25709024186123014,-1.5591140854047147,0.10885716846094158,0.10773396775086246
edge_38_13,janssen_bace,ciordia_retro,38,13,-0.2583293914794922,0.12587635436583824,0.1403614549480786,0.13838531696975764,-0.26210962396430953,0.16926399807555742,0.172177115370611
edge_28_14,janssen_bace,ciordia_retro,28,14,-0.8392353057861328,2.433875079668579,0.20748402950588982,0.19954736385197036,1.434034416826004,0.3781726573579121,0.3811129826600537
edge_35_14,janssen_bace,ciordia_retro,35,14,0.04551792144775389,1.8873486297004483,0.15761106311662693,0.164468829011321,1.6459528362014038,0.40388625600734657,0.41592845710070897
edge_29_15,janssen_bace,ciordia_retro,29,15,0.8182268142700195,0.4931485022307201,0.6667694286731731,0.7051108237907189,-0.08843212237093671,0.44634241444399914,0.47113847678283266
edge_41_15,janssen_bace,ciordia_retro,41,15,1.1925315856933594,0.6604525175270843,0.6269879060480353,0.9959683135710068,-0.39196940726577617,0.899139056498267,0.9009818011343752
edge_16_33,janssen_bace,ciordia_retro,16,33,-0.08218145370483389,-1.474665391969411,0.17347988354716254,0.16814864058172996,-0.8994582536647533,0.26093326154453755,0.2929462331305442
edge_16_36,janssen_bace,ciordia_retro,16,36,-3.920985221862793,-4.5913001912045885,0.515716637554437,0.5074085865444916,-3.8886233269598467,0.7511733935066525,0.7536682205814224
edge_17_18,janssen_bace,ciordia_retro,17,18,0.4640865325927734,1.342415551306563,0.21486853342994294,0.21245186156020693,1.1408540471638002,0.2905494664445853,0.29128817163288706
edge_17_31,janssen_bace,ciordia_retro,17,31,0.8315286636352539,2.213989802421925,0.12138903424790722,0.12673972308865233,2.0227852135117894,0.21921045618155177,0.2215411975136767
edge_31_18,janssen_bace,ciordia_retro,31,18,-0.3674421310424804,-0.8859145952836195,0.15337018073604516,0.15759015999056383,-1.306564690885915,0.21851811265813087,0.22824654492803068
edge_19_32,janssen_bace,ciordia_retro,19,32,2.18931245803833,0.5297960484384964,0.15441247004990488,0.1519675304687728,0.7393244104525176,0.3583544718835595,0.35653159552841085
edge_19_34,janssen_bace,ciordia_retro,19,34,-0.33851814270019526,-1.1695347355003185,0.20008029839931005,0.19648466575277063,-0.9233588272785205,0.2726906456120832,0.2745226295870689
edge_19_39,janssen_bace,ciordia_retro,19,39,0.5500698089599609,0.8500637348629713,0.16500204892136472,0.17512017537732097,-0.3959528362014016,0.3871108360524611,0.3938202263321342
edge_28_20,janssen_bace,ciordia_retro,28,20,-1.170578956604004,-0.06532823454429573,0.09876879573039561,0.09840208323300381,-0.23502230720203804,0.22888073861178604,0.23043514688456415
edge_20_34,janssen_bace,ciordia_retro,20,34,-0.0817718505859375,0.5672402804333974,0.0645516764689385,0.06281120262641257,0.6596558317399664,0.1303152985714037,0.12775952234175791
edge_20_36,janssen_bace,ciordia_retro,20,36,-0.8111419677734375,0.3330146590184825,0.3749777168685214,0.3853073412135629,-0.45331421287444446,0.6088807539989521,0.6702526348352241
edge_21_27,janssen_bace,ciordia_retro,21,27,0.6029138565063477,0.7130337794773743,0.1117846037082332,0.11241315676376443,0.39913957934990435,0.06716165760177936,0.06659754404654986
edge_30_21,janssen_bace,ciordia_retro,30,21,-3.267907619476318,-1.5901848311026137,0.45286958402277755,0.4574741060412009,-1.422084130019122,0.13994163019243508,0.15022989503761158
edge_28_22,janssen_bace,ciordia_retro,28,22,1.390082836151123,1.9407265774378595,0.18580041394948912,0.2646739853829105,1.5527405991077126,1.0075154299922642,1.0143443308080613
edge_22_29,janssen_bace,ciordia_retro,22,29,-1.1287446022033691,-1.128903760356914,0.2706438086576716,0.31488083771847847,-0.23024219247928393,0.5198603239448757,0.5374279303253636
edge_28_23,janssen_bace,ciordia_retro,28,23,-0.8219585418701172,1.7909496494582542,0.3696711214956559,0.3700068367341575,1.6905672402804335,0.29654477660664225,0.3343848391175982
edge_29_23,janssen_bace,ciordia_retro,29,23,-1.083296775817871,0.23342893562779177,0.3540620494306231,0.3629951407332499,0.46685787125557665,0.27321759246713795,0.31705919205062416
edge_24_33,janssen_bace,ciordia_retro,24,33,2.645922183990479,1.7088910133843225,0.4508672340701405,0.4542722932581328,1.8347673677501581,0.348720794184451,0.3491620361939629
edge_39_25,janssen_bace,ciordia_retro,39,25,0.49072360992431646,-1.1233269598470335,0.33829412556794347,0.3472070856983996,0.10914595283620061,0.14105464560432482,0.13807857959525294
edge_40_25,janssen_bace,ciordia_retro,40,25,-0.22407436370849607,-1.8666347992351815,0.14722736181124757,0.19123826353012416,-1.849107711918419,0.21273542470960127,0.24251943316580585
edge_41_25,janssen_bace,ciordia_retro,41,25,0.2399272918701172,-2.525493945188017,0.9826846359742817,1.014806265768131,-0.73534098151689,0.5450918468040885,0.5422464881927983
edge_26_32,janssen_bace,ciordia_retro,26,32,2.643547534942627,0.8922880815806248,0.33562105222139454,0.3349875156495216,0.1242829827915869,0.240015637935158,0.23430555016626642
edge_41_26,janssen_bace,ciordia_retro,41,26,-1.255101203918457,-0.3051306564690896,0.4869667539421516,0.49173851675110825,-1.1782982791586993,0.6703275853145633,0.6664547222878202
edge_28_31,janssen_bace,ciordia_retro,28,31,-0.5365390777587891,1.3073613766730399,0.2762758934785556,0.2801701516409989,1.7463352453792227,0.11124081780643773,0.11148594809805934
edge_28_37,janssen_bace,ciordia_retro,28,37,-0.4530115127563476,1.4579349904397725,0.26213444155612753,0.26372359109917165,1.7272147864882095,0.08988133122422923,0.08896813796321874
edge_28_40,janssen_bace,ciordia_retro,28,40,0.3510351181030273,2.5717017208413004,0.22768972910715812,0.24652762722214175,2.9333970681963026,0.25878938413005204,0.2760545161819467
edge_29_35,janssen_bace,ciordia_retro,29,35,-1.1460914611816406,-0.4182600382409178,0.2674137698713804,0.2934346417238043,-1.6101019757807549,0.20162385966505023,0.2193182079673629
edge_30_37,janssen_bace,ciordia_retro,30,37,-2.5026345252990723,-0.4086998087954113,0.11575285055735542,0.11972401183979363,0.29636711281070793,0.2063931362112843,0.20645630042936097
edge_30_39,janssen_bace,ciordia_retro,30,39,-2.4133858680725098,-0.17367750159337664,0.11747025724577326,0.1133988135427782,-0.37364563416188806,0.25653327055710495,0.25786594434278637
edge_31_35,janssen_bace,ciordia_retro,31,35,-0.3482141494750976,-1.508922880815806,0.283718495597882,0.28613049099709215,-1.152804333970683,0.24540366000594818,0.2500496700446496
edge_32_37,janssen_bace,ciordia_retro,32,37,-1.7284913063049314,-0.39913957934990446,0.13779817780597178,0.13738699710875715,-0.48279158699808794,0.1327047740202369,0.13274102745788643
edge_39_32,janssen_bace,ciordia_retro,39,32,1.6392426490783691,0.4118865519439055,0.13646697021621637,0.13423938627851595,1.648342893562779,0.25011605489083505,0.24968035651175027
edge_40_33,janssen_bace,ciordia_retro,40,33,1.5060477256774902,-1.1767049075844518,0.19616732438477805,0.1967117882429603,-1.2611536010197588,0.1069885435290733,0.10713211010040279
edge_40_36,janssen_bace,ciordia_retro,40,36,-2.3327560424804683,-3.0528999362651366,0.37617451363978166,0.38920526501049196,-3.855162523900573,0.30974329610305834,0.3270549440410799
edge_41_40,janssen_bace,ciordia_retro,41,40,0.4640016555786133,1.432441045251749,0.4863275879692773,0.8971100621950153,3.238527724665393,0.21426143298911382,0.2654098488914971
edge_29_32,janssen_bace,keranen_p2,29,32,-0.369999885559082,-0.8022625876354363,0.38549136656626043,0.38640545561882583,-0.8580305927342251,0.1439407962369785,0.1625997918535182
edge_29_38,janssen_bace,keranen_p2,29,38,-0.5,-0.8333333333333294,0.1685109942524144,0.17285653234962564,-1.437221159974503,0.14867044914349636,0.1439411834553137
edge_39_29,janssen_bace,keranen_p2,39,29,-0.3099994659423828,0.64053537284895,0.2681578375574206,0.27653199345711355,0.2740599107711923,0.34489198050597875,0.346790948016577
edge_30_31,janssen_bace,keranen_p2,30,31,0.0,-0.34894837476099533,0.16481795274292627,0.1658857145969999,-0.3959528362014029,0.08665569613172351,0.09351916051098036
edge_30_33,janssen_bace,keranen_p2,30,33,0.11999988555908199,0.5887507966857874,0.4249094451870787,0.4272645009275279,-0.004780114722753226,0.33665931798002163,0.3396698972680508
edge_31_32,janssen_bace,keranen_p2,31,32,0.0,-0.6787762906309756,0.19680145129912932,0.19734374833455803,-0.8803377947737413,0.12030003708708217,0.12153465786365493
edge_31_33,janssen_bace,keranen_p2,31,33,0.11999988555908199,1.0285213511790938,0.23859812234726185,0.25057024119836463,0.22864882090503597,0.22293441457769284,0.2302227827607254
edge_33_34,janssen_bace,keranen_p2,33,34,0.0900001525878906,-2.6139260675589546,0.3768510551710779,0.3811607915147474,-2.6402166985340965,0.26275207933878847,0.258451404492467
edge_37_33,janssen_bace,keranen_p2,37,33,0.3200006484985351,2.1446781389420013,0.23961754198120983,0.2751056704224905,0.5752071383046516,0.3276786796084835,0.32665661351403064
edge_36_34,janssen_bace,keranen_p2,36,34,0.2100000381469726,-0.9169853409815175,0.47919735125229773,0.48305811572376983,-1.3201083492670482,0.263842744188951,0.4188133561913471
edge_38_34,janssen_bace,keranen_p2,38,34,0.3400001525878906,-0.5106755895474833,0.23852981678777943,0.29148869715180686,-0.9711599745060546,0.3108989991008206,0.3336161631384646
edge_35_36,janssen_bace,keranen_p2,35,36,-0.5499992370605469,-0.648502230720204,0.5240650971068123,0.5180718413806163,0.13304652644996834,0.2839063905951515,0.28728061453612697
edge_39_35,janssen_bace,keranen_p2,39,35,-0.1300001144409179,1.0309114085404714,0.18721253885751402,0.20347415816021042,0.10675589547482271,0.4050070567718172,0.4136915978284736
edge_36_39,janssen_bace,keranen_p2,36,39,0.6799993515014648,-0.032664117272147866,0.08201163545487547,0.08492821897875669,0.035850860420649736,0.17200850019810762,0.16890245297640558
edge_36_37,janssen_bace,keranen_p2,36,37,-0.2000007629394531,-0.35691523263224956,0.12757253232102597,0.12827133104093708,-0.40471637985978326,0.07459837861812858,0.07298496916784142
edge_37_38,janssen_bace,keranen_p2,37,38,0.07000064849853509,0.5704270235819001,0.08336936916670715,0.08371299044292457,-0.0031867431485027246,0.11721553580469732,0.11998334927891756
edge_39_28,janssen_bace,keranen_p2,39,28,-0.19359464627151052,-0.21829190567240278,0.056464207681139196,0.06456546598451146,-0.8436902485659659,0.14592127540285021,0.14596742293515363
edge_28_29,janssen_bace,keranen_p2,28,29,0.11950286806883365,1.0771191841937542,0.26975308935147196,0.2732084568746589,0.6469088591459503,0.271454876715851,0.27177324095782945
